date,pair,pool_address,tvl_usd,volume_usd,fees_usd,vol_per_tvl_pct,fees_per_tvl_pct,fees_per_vol_pct
2026-01-01,USDC/cbBTC,0x0ba69825c4c033e72309f6ac0bde0023b15cc97c,986434.98,554235.95,60.6133,56.1858,0.006145,0.010936
2026-01-01,WETH/EURC,0xb20f018dde5a6fe7f93c31da05a5da9efbc52772,799980.09,38987.91,117.7661,4.8736,0.014721,0.302058
2026-01-01,WETH/USDC,0x82dbe18346a8656dbb5e76f74bf3ae279cc16b29,1006758.93,762021.42,76.4955,75.6906,0.007598,0.010039
2026-01-01,WETH/cbBTC,0x3f9b863ef4b295d6ba370215bcca3785fcc44f44,2663337.13,1409144.89,152.5703,52.909,0.005729,0.010827
2026-01-01,WETH/cbXRP,0xee58348059c9ad6ac345be79c399da0c200627ed,500193.49,12627.28,92.2665,2.5245,0.018446,0.730692
2026-01-02,USDC/cbBTC,0x0ba69825c4c033e72309f6ac0bde0023b15cc97c,889398.32,2450322.39,470.298,275.5034,0.052878,0.019193
2026-01-02,WETH/EURC,0xb20f018dde5a6fe7f93c31da05a5da9efbc52772,774067.81,114818.46,595.0134,14.8331,0.076868,0.518221
2026-01-02,WETH/USDC,0x82dbe18346a8656dbb5e76f74bf3ae279cc16b29,1087202.48,1705894.94,383.5905,156.9068,0.035282,0.022486
2026-01-02,WETH/cbBTC,0x3f9b863ef4b295d6ba370215bcca3785fcc44f44,2602219.03,4484124.65,514.6676,172.3193,0.019778,0.011478
2026-01-02,WETH/cbXRP,0xee58348059c9ad6ac345be79c399da0c200627ed,526841.52,107852.43,441.1078,20.4715,0.083727,0.408992
2026-01-03,USDC/cbBTC,0x0ba69825c4c033e72309f6ac0bde0023b15cc97c,883975.62,310789.77,82.1868,35.1582,0.009297,0.026445
2026-01-03,WETH/EURC,0xb20f018dde5a6fe7f93c31da05a5da9efbc52772,681515.25,21196.07,158.9705,3.1101,0.023326,0.75
2026-01-03,WETH/USDC,0x82dbe18346a8656dbb5e76f74bf3ae279cc16b29,1150608.2,387253.81,125.9528,33.6564,0.010947,0.032525
2026-01-03,WETH/cbBTC,0x3f9b863ef4b295d6ba370215bcca3785fcc44f44,2714568.38,773692.3,243.4543,28.5015,0.008968,0.031467
2026-01-03,WETH/cbXRP,0xee58348059c9ad6ac345be79c399da0c200627ed,510975.93,42271.27,317.0345,8.2727,0.062045,0.75
2026-01-04,USDC/cbBTC,0x0ba69825c4c033e72309f6ac0bde0023b15cc97c,870191.0,461313.07,145.2616,53.0129,0.016693,0.031489
2026-01-04,WETH/EURC,0xb20f018dde5a6fe7f93c31da05a5da9efbc52772,556722.29,55480.99,293.6087,9.9656,0.052739,0.529206
2026-01-04,WETH/USDC,0x82dbe18346a8656dbb5e76f74bf3ae279cc16b29,1093477.89,671158.48,189.5594,61.3783,0.017335,0.028244
2026-01-04,WETH/cbBTC,0x3f9b863ef4b295d6ba370215bcca3785fcc44f44,2756222.86,1008419.99,303.2589,36.587,0.011003,0.030073
2026-01-04,WETH/cbXRP,0xee58348059c9ad6ac345be79c399da0c200627ed,525257.68,20547.55,151.6269,3.9119,0.028867,0.737932
2026-01-05,USDC/cbBTC,0x0ba69825c4c033e72309f6ac0bde0023b15cc97c,853701.62,622597.37,292.7232,72.9292,0.034289,0.047016
2026-01-05,WETH/EURC,0xb20f018dde5a6fe7f93c31da05a5da9efbc52772,718646.87,95742.93,593.1584,13.3227,0.082538,0.619532
2026-01-05,WETH/USDC,0x82dbe18346a8656dbb5e76f74bf3ae279cc16b29,1052447.73,1319665.26,368.7683,125.3901,0.035039,0.027944
2026-01-05,WETH/cbBTC,0x3f9b863ef4b295d6ba370215bcca3785fcc44f44,2850322.24,2562057.14,778.9059,89.8866,0.027327,0.030402
2026-01-05,WETH/cbXRP,0xee58348059c9ad6ac345be79c399da0c200627ed,566424.17,22420.46,168.1534,3.9582,0.029687,0.75
2026-01-06,USDC/cbBTC,0x0ba69825c4c033e72309f6ac0bde0023b15cc97c,877102.8,956321.63,463.181,109.0319,0.052808,0.048434
2026-01-06,WETH/EURC,0xb20f018dde5a6fe7f93c31da05a5da9efbc52772,705840.01,132135.35,990.139,18.7203,0.140278,0.749337
2026-01-06,WETH/USDC,0x82dbe18346a8656dbb5e76f74bf3ae279cc16b29,1174123.19,1042525.53,521.1897,88.7918,0.04439,0.049993
2026-01-06,WETH/cbBTC,0x3f9b863ef4b295d6ba370215bcca3785fcc44f44,2939811.52,1894992.22,725.4278,64.4597,0.024676,0.038281
2026-01-06,WETH/cbXRP,0xee58348059c9ad6ac345be79c399da0c200627ed,501142.35,120919.5,910.6233,24.1288,0.18171,0.753082
2026-01-07,USDC/cbBTC,0x0ba69825c4c033e72309f6ac0bde0023b15cc97c,860202.21,1222059.7,554.8314,142.0666,0.0645,0.045401
2026-01-07,WETH/EURC,0xb20f018dde5a6fe7f93c31da05a5da9efbc52772,691257.53,117104.91,873.0282,16.9409,0.126296,0.745509
2026-01-07,WETH/USDC,0x82dbe18346a8656dbb5e76f74bf3ae279cc16b29,1141972.41,1118757.78,553.4729,97.9671,0.048466,0.049472
2026-01-07,WETH/cbBTC,0x3f9b863ef4b295d6ba370215bcca3785fcc44f44,2838035.53,1578261.97,787.7333,55.6111,0.027756,0.049911
2026-01-07,WETH/cbXRP,0xee58348059c9ad6ac345be79c399da0c200627ed,511659.23,56735.02,426.1854,11.0884,0.083295,0.751186
2026-01-08,USDC/cbBTC,0x0ba69825c4c033e72309f6ac0bde0023b15cc97c,936527.79,1157630.4,575.9203,123.6088,0.061495,0.04975
2026-01-08,WETH/EURC,0xb20f018dde5a6fe7f93c31da05a5da9efbc52772,674452.92,51785.82,388.3937,7.6782,0.057586,0.75
2026-01-08,WETH/USDC,0x82dbe18346a8656dbb5e76f74bf3ae279cc16b29,1102877.23,1156161.63,578.0808,104.8314,0.052416,0.05
2026-01-08,WETH/cbBTC,0x3f9b863ef4b295d6ba370215bcca3785fcc44f44,2892513.39,1666359.84,717.6254,57.6094,0.02481,0.043065
2026-01-08,WETH/cbXRP,0xee58348059c9ad6ac345be79c399da0c200627ed,550183.64,28781.68,215.8626,5.2313,0.039235,0.75
2026-01-09,USDC/cbBTC,0x0ba69825c4c033e72309f6ac0bde0023b15cc97c,922784.17,1869002.01,426.2065,202.5395,0.046187,0.022804
2026-01-09,WETH/EURC,0xb20f018dde5a6fe7f93c31da05a5da9efbc52772,691746.55,287775.91,666.2624,41.6014,0.096316,0.231521
2026-01-09,WETH/USDC,0x82dbe18346a8656dbb5e76f74bf3ae279cc16b29,1129662.21,1921267.99,441.2047,170.0746,0.039056,0.022964
2026-01-09,WETH/cbBTC,0x3f9b863ef4b295d6ba370215bcca3785fcc44f44,2872360.61,2792025.54,767.1844,97.2032,0.026709,0.027478
2026-01-09,WETH/cbXRP,0xee58348059c9ad6ac345be79c399da0c200627ed,565566.54,62297.29,84.0442,11.015,0.01486,0.134908
2026-01-10,USDC/cbBTC,0x0ba69825c4c033e72309f6ac0bde0023b15cc97c,1037655.57,248111.61,25.1076,23.9108,0.00242,0.010119
2026-01-10,WETH/EURC,0xb20f018dde5a6fe7f93c31da05a5da9efbc52772,760799.89,141598.52,76.596,18.6118,0.010068,0.054094
2026-01-10,WETH/USDC,0x82dbe18346a8656dbb5e76f74bf3ae279cc16b29,1141001.25,777642.72,83.3716,68.1544,0.007307,0.010721
2026-01-10,WETH/cbBTC,0x3f9b863ef4b295d6ba370215bcca3785fcc44f44,2865293.24,1007692.26,100.9051,35.1689,0.003522,0.010013
2026-01-10,WETH/cbXRP,0xee58348059c9ad6ac345be79c399da0c200627ed,509486.51,143591.13,84.8072,28.1835,0.016646,0.059062
2026-01-11,USDC/cbBTC,0x0ba69825c4c033e72309f6ac0bde0023b15cc97c,980992.44,1149735.66,114.9736,117.2013,0.01172,0.01
2026-01-11,WETH/EURC,0xb20f018dde5a6fe7f93c31da05a5da9efbc52772,796652.05,317007.92,165.9652,39.7925,0.020833,0.052354
2026-01-11,WETH/USDC,0x82dbe18346a8656dbb5e76f74bf3ae279cc16b29,1279843.35,1755297.57,178.5859,137.1494,0.013954,0.010174
2026-01-11,WETH/cbBTC,0x3f9b863ef4b295d6ba370215bcca3785fcc44f44,2890342.63,2090632.58,209.7496,72.3317,0.007257,0.010033
2026-01-11,WETH/cbXRP,0xee58348059c9ad6ac345be79c399da0c200627ed,513062.07,33098.97,19.0511,6.4513,0.003713,0.057558
2026-01-12,USDC/cbBTC,0x0ba69825c4c033e72309f6ac0bde0023b15cc97c,999381.99,3492788.65,499.2329,349.4949,0.049954,0.014293
2026-01-12,WETH/EURC,0xb20f018dde5a6fe7f93c31da05a5da9efbc52772,804119.65,617341.03,754.7222,76.7723,0.093857,0.122254
2026-01-12,WETH/USDC,0x82dbe18346a8656dbb5e76f74bf3ae279cc16b29,1242285.62,3095072.71,595.9926,249.1434,0.047975,0.019256
2026-01-12,WETH/cbBTC,0x3f9b863ef4b295d6ba370215bcca3785fcc44f44,2906030.75,4998369.32,508.6245,171.9999,0.017502,0.010176
2026-01-12,WETH/cbXRP,0xee58348059c9ad6ac345be79c399da0c200627ed,509200.85,76506.65,189.8862,15.0248,0.037291,0.248196
2026-01-13,USDC/cbBTC,0x0ba69825c4c033e72309f6ac0bde0023b15cc97c,963493.55,3682001.26,515.9153,382.1511,0.053546,0.014012
2026-01-13,WETH/EURC,0xb20f018dde5a6fe7f93c31da05a5da9efbc52772,817894.21,532154.24,782.5671,65.0639,0.095681,0.147056
2026-01-13,WETH/USDC,0x82dbe18346a8656dbb5e76f74bf3ae279cc16b29,1365421.24,6215441.53,1142.2374,455.2032,0.083655,0.018377
2026-01-13,WETH/cbBTC,0x3f9b863ef4b295d6ba370215bcca3785fcc44f44,3124903.07,6466423.5,714.1161,206.932,0.022852,0.011043
2026-01-13,WETH/cbXRP,0xee58348059c9ad6ac345be79c399da0c200627ed,562838.97,135639.97,85.711,24.0993,0.015228,0.06319
2026-01-14,USDC/cbBTC,0x0ba69825c4c033e72309f6ac0bde0023b15cc97c,1101226.11,1499977.65,449.9933,136.2098,0.040863,0.03
2026-01-14,WETH/EURC,0xb20f018dde5a6fe7f93c31da05a5da9efbc52772,798343.76,215180.39,645.5412,26.9533,0.08086,0.3
2026-01-14,WETH/USDC,0x82dbe18346a8656dbb5e76f74bf3ae279cc16b29,1545902.45,3996653.32,1198.996,258.5321,0.07756,0.03
2026-01-14,WETH/cbBTC,0x3f9b863ef4b295d6ba370215bcca3785fcc44f44,3186521.19,3856615.42,1141.9632,121.029,0.035837,0.029611
2026-01-14,WETH/cbXRP,0xee58348059c9ad6ac345be79c399da0c200627ed,561173.31,18224.82,26.673,3.2476,0.004753,0.146355
2026-01-15,USDC/cbBTC,0x0ba69825c4c033e72309f6ac0bde0023b15cc97c,985729.75,2525296.46,710.7891,256.1855,0.072108,0.028147
2026-01-15,WETH/EURC,0xb20f018dde5a6fe7f93c31da05a5da9efbc52772,678066.31,246335.23,715.7263,36.3291,0.105554,0.29055
2026-01-15,WETH/USDC,0x82dbe18346a8656dbb5e76f74bf3ae279cc16b29,1662335.94,2546102.21,738.6074,153.1641,0.044432,0.029009
2026-01-15,WETH/cbBTC,0x3f9b863ef4b295d6ba370215bcca3785fcc44f44,3123460.58,4223122.79,737.1489,135.2065,0.0236,0.017455
2026-01-15,WETH/cbXRP,0xee58348059c9ad6ac345be79c399da0c200627ed,520042.07,10245.76,25.6143,1.9702,0.004925,0.249999
2026-01-16,USDC/cbBTC,0x0ba69825c4c033e72309f6ac0bde0023b15cc97c,1086145.65,1923851.83,273.1788,177.1265,0.025151,0.0142
2026-01-16,WETH/EURC,0xb20f018dde5a6fe7f93c31da05a5da9efbc52772,612413.19,390264.87,421.6212,63.7257,0.068846,0.108035
2026-01-16,WETH/USDC,0x82dbe18346a8656dbb5e76f74bf3ae279cc16b29,1815125.35,2535894.66,475.8923,139.7091,0.026218,0.018766
2026-01-16,WETH/cbBTC,0x3f9b863ef4b295d6ba370215bcca3785fcc44f44,3158644.07,3494024.08,364.3075,110.6178,0.011534,0.010427
2026-01-16,WETH/cbXRP,0xee58348059c9ad6ac345be79c399da0c200627ed,521954.89,52693.77,31.8974,10.0955,0.006111,0.060533
2026-01-17,USDC/cbBTC,0x0ba69825c4c033e72309f6ac0bde0023b15cc97c,1237812.8,852984.89,86.9948,68.9107,0.007028,0.010199
2026-01-17,WETH/EURC,0xb20f018dde5a6fe7f93c31da05a5da9efbc52772,613309.78,130128.22,69.9005,21.2174,0.011397,0.053717
2026-01-17,WETH/USDC,0x82dbe18346a8656dbb5e76f74bf3ae279cc16b29,1865548.12,1165243.64,121.3442,62.4612,0.006504,0.010414
2026-01-17,WETH/cbBTC,0x3f9b863ef4b295d6ba370215bcca3785fcc44f44,3187352.62,1610770.88,161.6462,50.5363,0.005071,0.010035
2026-01-17,WETH/cbXRP,0xee58348059c9ad6ac345be79c399da0c200627ed,536210.31,34713.68,18.1522,6.4739,0.003385,0.052291
2026-01-18,USDC/cbBTC,0x0ba69825c4c033e72309f6ac0bde0023b15cc97c,1269118.9,916742.2,91.6742,72.2345,0.007223,0.01
2026-01-18,WETH/EURC,0xb20f018dde5a6fe7f93c31da05a5da9efbc52772,639171.42,263226.9,147.9072,41.1825,0.02314,0.05619
2026-01-18,WETH/USDC,0x82dbe18346a8656dbb5e76f74bf3ae279cc16b29,1976798.36,1801430.64,186.7411,91.1287,0.009447,0.010366
2026-01-18,WETH/cbBTC,0x3f9b863ef4b295d6ba370215bcca3785fcc44f44,3163392.99,2074749.96,213.4762,65.5862,0.006748,0.010289
2026-01-18,WETH/cbXRP,0xee58348059c9ad6ac345be79c399da0c200627ed,523685.17,23550.4,21.4658,4.4971,0.004099,0.091148
2026-01-19,USDC/cbBTC,0x0ba69825c4c033e72309f6ac0bde0023b15cc97c,1271718.07,1045825.91,254.1083,82.2372,0.019981,0.024297
2026-01-19,WETH/EURC,0xb20f018dde5a6fe7f93c31da05a5da9efbc52772,669450.46,285463.46,340.5688,42.6415,0.050873,0.119304
2026-01-19,WETH/USDC,0x82dbe18346a8656dbb5e76f74bf3ae279cc16b29,1876883.68,2376551.9,576.7153,126.6222,0.030727,0.024267
2026-01-19,WETH/cbBTC,0x3f9b863ef4b295d6ba370215bcca3785fcc44f44,3103771.17,4223699.61,589.5109,136.0828,0.018993,0.013957
2026-01-19,WETH/cbXRP,0xee58348059c9ad6ac345be79c399da0c200627ed,518628.85,164719.43,401.4838,31.7606,0.077413,0.243738
2026-01-20,USDC/cbBTC,0x0ba69825c4c033e72309f6ac0bde0023b15cc97c,1330585.1,1847183.23,550.8286,138.8249,0.041397,0.02982
2026-01-20,WETH/EURC,0xb20f018dde5a6fe7f93c31da05a5da9efbc52772,683489.03,99524.44,298.5733,14.5612,0.043684,0.3
2026-01-20,WETH/USDC,0x82dbe18346a8656dbb5e76f74bf3ae279cc16b29,1861546.26,3397067.07,1019.1201,182.4863,0.054746,0.03
2026-01-20,WETH/cbBTC,0x3f9b863ef4b295d6ba370215bcca3785fcc44f44,2910426.25,5496026.8,1068.3365,188.8392,0.036707,0.019438
2026-01-20,WETH/cbXRP,0xee58348059c9ad6ac345be79c399da0c200627ed,481662.02,137279.74,343.0393,28.5013,0.07122,0.249883
2026-01-21,USDC/cbBTC,0x0ba69825c4c033e72309f6ac0bde0023b15cc97c,1484714.67,3436328.55,1030.8986,231.4471,0.069434,0.03
2026-01-21,WETH/EURC,0xb20f018dde5a6fe7f93c31da05a5da9efbc52772,685631.19,606517.14,1820.0286,88.4611,0.265453,0.300079
2026-01-21,WETH/USDC,0x82dbe18346a8656dbb5e76f74bf3ae279cc16b29,1849410.12,4173331.65,1251.9995,225.6574,0.067697,0.03
2026-01-21,WETH/cbBTC,0x3f9b863ef4b295d6ba370215bcca3785fcc44f44,3010035.4,5049673.83,1514.9021,167.7613,0.050328,0.03
2026-01-21,WETH/cbXRP,0xee58348059c9ad6ac345be79c399da0c200627ed,493084.95,53183.38,132.9585,10.7858,0.026965,0.25
2026-01-22,USDC/cbBTC,0x0ba69825c4c033e72309f6ac0bde0023b15cc97c,1745066.29,2631386.81,592.467,150.7901,0.033951,0.022515
2026-01-22,WETH/EURC,0xb20f018dde5a6fe7f93c31da05a5da9efbc52772,708109.05,319074.9,957.2247,45.0601,0.13518,0.3
2026-01-22,WETH/USDC,0x82dbe18346a8656dbb5e76f74bf3ae279cc16b29,2046291.51,2802106.33,840.6319,136.9358,0.041081,0.03
2026-01-22,WETH/cbBTC,0x3f9b863ef4b295d6ba370215bcca3785fcc44f44,3396327.61,4699527.62,1039.6013,138.3709,0.03061,0.022121
2026-01-22,WETH/cbXRP,0xee58348059c9ad6ac345be79c399da0c200627ed,476481.74,39604.45,77.9853,8.3119,0.016367,0.196911
2026-01-23,USDC/cbBTC,0x0ba69825c4c033e72309f6ac0bde0023b15cc97c,1799488.01,2966418.75,308.6172,164.8479,0.01715,0.010404
2026-01-23,WETH/EURC,0xb20f018dde5a6fe7f93c31da05a5da9efbc52772,806857.38,257926.39,773.3465,31.9668,0.095847,0.299832
2026-01-23,WETH/USDC,0x82dbe18346a8656dbb5e76f74bf3ae279cc16b29,1985664.27,2275748.37,676.0091,114.6089,0.034044,0.029705
2026-01-23,WETH/cbBTC,0x3f9b863ef4b295d6ba370215bcca3785fcc44f44,3362720.05,4132224.62,879.5167,122.8834,0.026155,0.021284
2026-01-23,WETH/cbXRP,0xee58348059c9ad6ac345be79c399da0c200627ed,476027.67,64701.61,34.0038,13.592,0.007143,0.052555
2026-01-24,USDC/cbBTC,0x0ba69825c4c033e72309f6ac0bde0023b15cc97c,1812571.02,332696.58,34.843,18.355,0.001922,0.010473
2026-01-24,WETH/EURC,0xb20f018dde5a6fe7f93c31da05a5da9efbc52772,862052.32,99453.85,82.4728,11.5369,0.009567,0.082926
2026-01-24,WETH/USDC,0x82dbe18346a8656dbb5e76f74bf3ae279cc16b29,2077067.3,732992.32,94.8988,35.2898,0.004569,0.012947
2026-01-24,WETH/cbBTC,0x3f9b863ef4b295d6ba370215bcca3785fcc44f44,3376600.78,1862100.16,187.3372,55.1472,0.005548,0.010061
2026-01-24,WETH/cbXRP,0xee58348059c9ad6ac345be79c399da0c200627ed,476059.11,60215.78,30.6842,12.6488,0.006445,0.050957
2026-01-25,USDC/cbBTC,0x0ba69825c4c033e72309f6ac0bde0023b15cc97c,1739973.87,1351126.36,219.9437,77.6521,0.012641,0.016279
2026-01-25,WETH/EURC,0xb20f018dde5a6fe7f93c31da05a5da9efbc52772,757874.29,338576.09,267.4668,44.6744,0.035292,0.078998
2026-01-25,WETH/USDC,0x82dbe18346a8656dbb5e76f74bf3ae279cc16b29,2201261.53,2572117.75,441.4045,116.8474,0.020052,0.017161
2026-01-25,WETH/cbBTC,0x3f9b863ef4b295d6ba370215bcca3785fcc44f44,3030310.45,4178681.32,460.145,137.8961,0.015185,0.011012
2026-01-25,WETH/cbXRP,0xee58348059c9ad6ac345be79c399da0c200627ed,455594.19,175461.4,90.6349,38.5127,0.019894,0.051655
2026-01-26,USDC/cbBTC,0x0ba69825c4c033e72309f6ac0bde0023b15cc97c,1902061.19,2103671.62,599.5187,110.5996,0.031519,0.028499
2026-01-26,WETH/EURC,0xb20f018dde5a6fe7f93c31da05a5da9efbc52772,957676.97,309888.71,929.6661,32.3584,0.097075,0.3
2026-01-26,WETH/USDC,0x82dbe18346a8656dbb5e76f74bf3ae279cc16b29,2273573.34,2906940.65,872.0822,127.8578,0.038357,0.03
2026-01-26,WETH/cbBTC,0x3f9b863ef4b295d6ba370215bcca3785fcc44f44,3473453.64,4228656.82,1234.4019,121.7421,0.035538,0.029191
2026-01-26,WETH/cbXRP,0xee58348059c9ad6ac345be79c399da0c200627ed,469223.29,47283.74,92.8198,10.077,0.019782,0.196304
2026-01-27,USDC/cbBTC,0x0ba69825c4c033e72309f6ac0bde0023b15cc97c,1701205.28,3313071.35,375.6384,194.7485,0.022081,0.011338
2026-01-27,WETH/EURC,0xb20f018dde5a6fe7f93c31da05a5da9efbc52772,986276.64,276415.07,812.5745,28.0261,0.082388,0.293969
2026-01-27,WETH/USDC,0x82dbe18346a8656dbb5e76f74bf3ae279cc16b29,1854126.17,2818083.35,843.5539,151.9898,0.045496,0.029934
2026-01-27,WETH/cbBTC,0x3f9b863ef4b295d6ba370215bcca3785fcc44f44,3771734.19,4699914.35,749.7435,124.6088,0.019878,0.015952
2026-01-27,WETH/cbXRP,0xee58348059c9ad6ac345be79c399da0c200627ed,477489.03,73959.85,132.2187,15.4893,0.02769,0.178771
2026-01-28,USDC/cbBTC,0x0ba69825c4c033e72309f6ac0bde0023b15cc97c,2223087.48,4172686.88,1110.2843,187.6978,0.049943,0.026608
2026-01-28,WETH/EURC,0xb20f018dde5a6fe7f93c31da05a5da9efbc52772,971881.04,164816.15,494.4224,16.9585,0.050873,0.299984
2026-01-28,WETH/USDC,0x82dbe18346a8656dbb5e76f74bf3ae279cc16b29,2359979.23,4638368.02,1391.5104,196.5427,0.058963,0.03
2026-01-28,WETH/cbBTC,0x3f9b863ef4b295d6ba370215bcca3785fcc44f44,3743332.98,2706479.91,789.4315,72.3013,0.021089,0.029168
2026-01-28,WETH/cbXRP,0xee58348059c9ad6ac345be79c399da0c200627ed,473280.7,39643.89,118.8803,8.3764,0.025118,0.29987
2026-01-29,USDC/cbBTC,0x0ba69825c4c033e72309f6ac0bde0023b15cc97c,1815449.63,3501238.93,987.7321,192.8579,0.054407,0.028211
2026-01-29,WETH/EURC,0xb20f018dde5a6fe7f93c31da05a5da9efbc52772,887486.22,382665.26,1140.6165,43.1179,0.128522,0.298072
2026-01-29,WETH/USDC,0x82dbe18346a8656dbb5e76f74bf3ae279cc16b29,2140480.88,5424080.93,1624.7497,253.4048,0.075906,0.029954
2026-01-29,WETH/cbBTC,0x3f9b863ef4b295d6ba370215bcca3785fcc44f44,3637310.93,5771030.46,1189.0197,158.662,0.03269,0.020603
2026-01-29,WETH/cbXRP,0xee58348059c9ad6ac345be79c399da0c200627ed,434582.32,144685.9,293.9436,33.2931,0.067638,0.20316
2026-01-30,USDC/cbBTC,0x0ba69825c4c033e72309f6ac0bde0023b15cc97c,1303560.2,5583107.14,1674.9321,428.2968,0.128489,0.03
2026-01-30,WETH/EURC,0xb20f018dde5a6fe7f93c31da05a5da9efbc52772,831228.95,434223.89,1303.4107,52.2388,0.156805,0.30017
2026-01-30,WETH/USDC,0x82dbe18346a8656dbb5e76f74bf3ae279cc16b29,1467649.31,6510876.88,1960.8591,443.6262,0.133605,0.030117
2026-01-30,WETH/cbBTC,0x3f9b863ef4b295d6ba370215bcca3785fcc44f44,4252693.19,9442287.76,2210.8116,222.0308,0.051986,0.023414
2026-01-30,WETH/cbXRP,0xee58348059c9ad6ac345be79c399da0c200627ed,417522.0,147462.72,300.2657,35.3186,0.071916,0.203621
2026-01-31,USDC/cbBTC,0x0ba69825c4c033e72309f6ac0bde0023b15cc97c,1247314.14,4041444.25,1206.7534,324.0117,0.096748,0.029859
2026-01-31,WETH/EURC,0xb20f018dde5a6fe7f93c31da05a5da9efbc52772,499211.94,424149.88,1274.8649,84.9639,0.255375,0.300569
2026-01-31,WETH/USDC,0x82dbe18346a8656dbb5e76f74bf3ae279cc16b29,1403987.71,5520798.47,1674.1999,393.2227,0.119246,0.030325
2026-01-31,WETH/cbBTC,0x3f9b863ef4b295d6ba370215bcca3785fcc44f44,3117648.58,7626240.17,2287.8721,244.6151,0.073385,0.03
2026-01-31,WETH/cbXRP,0xee58348059c9ad6ac345be79c399da0c200627ed,388081.84,249653.61,526.4864,64.3301,0.135664,0.210887
2026-02-01,USDC/cbBTC,0x0ba69825c4c033e72309f6ac0bde0023b15cc97c,1258262.95,4141937.4,1242.5812,329.179,0.098754,0.03
2026-02-01,WETH/EURC,0xb20f018dde5a6fe7f93c31da05a5da9efbc52772,508674.22,553437.8,1675.1207,108.8001,0.329311,0.302676
2026-02-01,WETH/USDC,0x82dbe18346a8656dbb5e76f74bf3ae279cc16b29,1157017.87,3654958.12,1138.1641,315.8947,0.09837,0.03114
2026-02-01,WETH/cbBTC,0x3f9b863ef4b295d6ba370215bcca3785fcc44f44,2831692.02,7272613.49,2181.784,256.8293,0.077049,0.03
2026-02-01,WETH/cbXRP,0xee58348059c9ad6ac345be79c399da0c200627ed,369471.93,29521.52,88.5645,7.9902,0.023971,0.3
2026-02-02,USDC/cbBTC,0x0ba69825c4c033e72309f6ac0bde0023b15cc97c,1200204.74,5996208.55,1798.8626,499.5988,0.14988,0.03
2026-02-02,WETH/EURC,0xb20f018dde5a6fe7f93c31da05a5da9efbc52772,525612.88,565126.04,1699.7378,107.5175,0.323382,0.300771
2026-02-02,WETH/USDC,0x82dbe18346a8656dbb5e76f74bf3ae279cc16b29,1226666.08,5426070.91,1636.3301,442.3429,0.133397,0.030157
2026-02-02,WETH/cbBTC,0x3f9b863ef4b295d6ba370215bcca3785fcc44f44,3009282.56,8832079.71,2649.6239,293.4945,0.088048,0.03
2026-02-02,WETH/cbXRP,0xee58348059c9ad6ac345be79c399da0c200627ed,373403.9,135039.75,405.1192,36.1645,0.108494,0.3
2026-02-03,USDC/cbBTC,0x0ba69825c4c033e72309f6ac0bde0023b15cc97c,1165443.53,4691451.53,1407.4355,402.5464,0.120764,0.03
2026-02-03,WETH/EURC,0xb20f018dde5a6fe7f93c31da05a5da9efbc52772,476938.59,607685.87,1823.0576,127.4139,0.382242,0.3
2026-02-03,WETH/USDC,0x82dbe18346a8656dbb5e76f74bf3ae279cc16b29,1470002.08,6147500.25,1844.2501,418.1967,0.125459,0.03
2026-02-03,WETH/cbBTC,0x3f9b863ef4b295d6ba370215bcca3785fcc44f44,2665999.71,8066848.28,2395.9082,302.5825,0.089869,0.029701
2026-02-03,WETH/cbXRP,0xee58348059c9ad6ac345be79c399da0c200627ed,360113.92,128422.99,385.1532,35.6618,0.106953,0.29991
2026-02-04,USDC/cbBTC,0x0ba69825c4c033e72309f6ac0bde0023b15cc97c,1133193.24,3378157.69,1013.4473,298.1096,0.089433,0.03
2026-02-04,WETH/EURC,0xb20f018dde5a6fe7f93c31da05a5da9efbc52772,464437.04,1192962.41,1297.2577,256.862,0.279318,0.108743
2026-02-04,WETH/USDC,0x82dbe18346a8656dbb5e76f74bf3ae279cc16b29,1367653.4,6531951.56,1959.5855,477.6028,0.143281,0.03
2026-02-04,WETH/cbBTC,0x3f9b863ef4b295d6ba370215bcca3785fcc44f44,2702684.91,8893210.04,2662.2909,329.0509,0.098505,0.029936
2026-02-04,WETH/cbXRP,0xee58348059c9ad6ac345be79c399da0c200627ed,346567.35,109399.8,311.3122,31.5667,0.089827,0.284564
2026-02-05,USDC/cbBTC,0x0ba69825c4c033e72309f6ac0bde0023b15cc97c,1032359.75,6874318.5,2090.9649,665.884,0.202542,0.030417
2026-02-05,WETH/EURC,0xb20f018dde5a6fe7f93c31da05a5da9efbc52772,601387.53,2839011.19,1437.6098,472.0768,0.239049,0.050638
2026-02-05,WETH/USDC,0x82dbe18346a8656dbb5e76f74bf3ae279cc16b29,1170539.67,6623609.55,2002.6841,565.8595,0.171091,0.030236
2026-02-05,WETH/cbBTC,0x3f9b863ef4b295d6ba370215bcca3785fcc44f44,2404914.02,16424737.39,4614.666,682.9657,0.191885,0.028096
2026-02-05,WETH/cbXRP,0xee58348059c9ad6ac345be79c399da0c200627ed,279673.61,397005.21,1179.3954,141.953,0.421704,0.297073
2026-02-06,USDC/cbBTC,0x0ba69825c4c033e72309f6ac0bde0023b15cc97c,1123661.64,6774271.79,2167.6897,602.8747,0.192913,0.031999
2026-02-06,WETH/EURC,0xb20f018dde5a6fe7f93c31da05a5da9efbc52772,560339.96,2313492.0,1239.5267,412.8729,0.22121,0.053578
2026-02-06,WETH/USDC,0x82dbe18346a8656dbb5e76f74bf3ae279cc16b29,1299421.68,5579742.36,1813.6513,429.402,0.139574,0.032504
2026-02-06,WETH/cbBTC,0x3f9b863ef4b295d6ba370215bcca3785fcc44f44,2645591.29,10963019.34,3010.5927,414.3882,0.113797,0.027461
2026-02-06,WETH/cbXRP,0xee58348059c9ad6ac345be79c399da0c200627ed,322825.11,227340.64,696.3785,70.4222,0.215714,0.306315
2026-02-07,USDC/cbBTC,0x0ba69825c4c033e72309f6ac0bde0023b15cc97c,1205690.2,6773793.72,2065.8705,561.8188,0.171343,0.030498
2026-02-07,WETH/EURC,0xb20f018dde5a6fe7f93c31da05a5da9efbc52772,628401.35,1910552.65,969.5778,304.0338,0.154293,0.050749
2026-02-07,WETH/USDC,0x82dbe18346a8656dbb5e76f74bf3ae279cc16b29,1241704.92,4502701.05,1374.5922,362.6225,0.110702,0.030528
2026-02-07,WETH/cbBTC,0x3f9b863ef4b295d6ba370215bcca3785fcc44f44,2599675.76,8120099.44,2335.5581,312.3505,0.08984,0.028763
2026-02-07,WETH/cbXRP,0xee58348059c9ad6ac345be79c399da0c200627ed,312228.55,203996.11,621.4019,65.3355,0.199021,0.304615
2026-02-08,USDC/cbBTC,0x0ba69825c4c033e72309f6ac0bde0023b15cc97c,1225126.97,3728751.28,1106.638,304.3563,0.090328,0.029679
2026-02-08,WETH/EURC,0xb20f018dde5a6fe7f93c31da05a5da9efbc52772,657297.75,1027556.99,513.7785,156.3305,0.078165,0.05
2026-02-08,WETH/USDC,0x82dbe18346a8656dbb5e76f74bf3ae279cc16b29,1278684.72,2547227.62,764.1683,199.2069,0.059762,0.03
2026-02-08,WETH/cbBTC,0x3f9b863ef4b295d6ba370215bcca3785fcc44f44,2610480.19,3105014.85,929.146,118.9442,0.035593,0.029924
2026-02-08,WETH/cbXRP,0xee58348059c9ad6ac345be79c399da0c200627ed,315307.45,7843.85,23.5141,2.4877,0.007458,0.299778
2026-02-09,USDC/cbBTC,0x0ba69825c4c033e72309f6ac0bde0023b15cc97c,1220532.72,5282259.8,1584.6779,432.7831,0.129835,0.03
2026-02-09,WETH/EURC,0xb20f018dde5a6fe7f93c31da05a5da9efbc52772,783014.27,1464802.99,732.4015,187.0723,0.093536,0.05
2026-02-09,WETH/USDC,0x82dbe18346a8656dbb5e76f74bf3ae279cc16b29,1170233.16,3107252.0,932.1756,265.5242,0.079657,0.03
2026-02-09,WETH/cbBTC,0x3f9b863ef4b295d6ba370215bcca3785fcc44f44,2611313.19,3678420.02,1086.782,140.8648,0.041618,0.029545
2026-02-09,WETH/cbXRP,0xee58348059c9ad6ac345be79c399da0c200627ed,310201.35,106105.12,259.7809,34.2052,0.083746,0.244834
2026-02-10,USDC/cbBTC,0x0ba69825c4c033e72309f6ac0bde0023b15cc97c,1207250.65,2463137.45,727.0641,204.0287,0.060225,0.029518
2026-02-10,WETH/EURC,0xb20f018dde5a6fe7f93c31da05a5da9efbc52772,738721.94,728361.9,364.181,98.5976,0.049299,0.05
2026-02-10,WETH/USDC,0x82dbe18346a8656dbb5e76f74bf3ae279cc16b29,1154197.84,2662573.02,798.7719,230.686,0.069206,0.03
2026-02-10,WETH/cbBTC,0x3f9b863ef4b295d6ba370215bcca3785fcc44f44,2564965.59,3304251.03,991.2753,128.8224,0.038647,0.03
2026-02-10,WETH/cbXRP,0xee58348059c9ad6ac345be79c399da0c200627ed,297369.58,70359.6,209.941,23.6607,0.070599,0.298383
2026-02-11,USDC/cbBTC,0x0ba69825c4c033e72309f6ac0bde0023b15cc97c,1190449.67,4566469.45,1368.3931,383.592,0.114948,0.029966
2026-02-11,WETH/EURC,0xb20f018dde5a6fe7f93c31da05a5da9efbc52772,693166.57,1334581.43,667.2907,192.534,0.096267,0.05
2026-02-11,WETH/USDC,0x82dbe18346a8656dbb5e76f74bf3ae279cc16b29,1150930.91,3410007.53,1023.0023,296.2826,0.088885,0.03
2026-02-11,WETH/cbBTC,0x3f9b863ef4b295d6ba370215bcca3785fcc44f44,2510696.64,4077741.79,1055.216,162.4148,0.042029,0.025877
2026-02-11,WETH/cbXRP,0xee58348059c9ad6ac345be79c399da0c200627ed,288707.57,119207.56,267.1508,41.2901,0.092533,0.224106
2026-02-12,USDC/cbBTC,0x0ba69825c4c033e72309f6ac0bde0023b15cc97c,1436328.76,3712135.84,1103.9783,258.4461,0.076861,0.02974
2026-02-12,WETH/EURC,0xb20f018dde5a6fe7f93c31da05a5da9efbc52772,703651.47,1144347.14,572.1736,162.6298,0.081315,0.05
2026-02-12,WETH/USDC,0x82dbe18346a8656dbb5e76f74bf3ae279cc16b29,1308674.21,2833892.48,850.1677,216.5468,0.064964,0.03
2026-02-12,WETH/cbBTC,0x3f9b863ef4b295d6ba370215bcca3785fcc44f44,2503643.08,3227471.28,698.3304,128.911,0.027893,0.021637
2026-02-12,WETH/cbXRP,0xee58348059c9ad6ac345be79c399da0c200627ed,291409.21,84858.47,179.4122,29.12,0.061567,0.211425
2026-02-13,USDC/cbBTC,0x0ba69825c4c033e72309f6ac0bde0023b15cc97c,1475311.58,2635276.76,790.583,178.6251,0.053588,0.03
2026-02-13,WETH/EURC,0xb20f018dde5a6fe7f93c31da05a5da9efbc52772,652569.32,998157.41,499.0787,152.9581,0.076479,0.05
2026-02-13,WETH/USDC,0x82dbe18346a8656dbb5e76f74bf3ae279cc16b29,1408609.47,2415772.9,724.7319,171.5005,0.05145,0.03
2026-02-13,WETH/cbBTC,0x3f9b863ef4b295d6ba370215bcca3785fcc44f44,2627327.77,2995578.76,632.9869,114.0162,0.024092,0.021131
2026-02-13,WETH/cbXRP,0xee58348059c9ad6ac345be79c399da0c200627ed,301334.24,54158.15,118.9789,17.9728,0.039484,0.219688
2026-02-14,USDC/cbBTC,0x0ba69825c4c033e72309f6ac0bde0023b15cc97c,1510714.16,944419.87,283.326,62.5148,0.018754,0.03
2026-02-14,WETH/EURC,0xb20f018dde5a6fe7f93c31da05a5da9efbc52772,668215.25,254293.47,127.1467,38.0556,0.019028,0.05
2026-02-14,WETH/USDC,0x82dbe18346a8656dbb5e76f74bf3ae279cc16b29,1412921.05,1651360.76,495.4082,116.8757,0.035063,0.03
2026-02-14,WETH/cbBTC,0x3f9b863ef4b295d6ba370215bcca3785fcc44f44,2657223.61,1727900.98,494.4198,65.0266,0.018607,0.028614
2026-02-14,WETH/cbXRP,0xee58348059c9ad6ac345be79c399da0c200627ed,316403.84,87271.32,261.814,27.5823,0.082747,0.3
2026-02-15,USDC/cbBTC,0x0ba69825c4c033e72309f6ac0bde0023b15cc97c,1449006.17,2601225.76,737.7259,179.5179,0.050913,0.028361
2026-02-15,WETH/EURC,0xb20f018dde5a6fe7f93c31da05a5da9efbc52772,652757.04,803915.42,400.5514,123.1569,0.061363,0.049825
2026-02-15,WETH/USDC,0x82dbe18346a8656dbb5e76f74bf3ae279cc16b29,1376379.09,3114725.24,928.7208,226.2985,0.067476,0.029817
2026-02-15,WETH/cbBTC,0x3f9b863ef4b295d6ba370215bcca3785fcc44f44,2563889.69,4173732.94,1004.979,162.7891,0.039197,0.024079
2026-02-15,WETH/cbXRP,0xee58348059c9ad6ac345be79c399da0c200627ed,302474.03,154224.91,465.8317,50.9878,0.154007,0.302047
2026-02-16,USDC/cbBTC,0x0ba69825c4c033e72309f6ac0bde0023b15cc97c,1449629.32,2897547.1,868.4102,199.8819,0.059906,0.029971
2026-02-16,WETH/EURC,0xb20f018dde5a6fe7f93c31da05a5da9efbc52772,688239.74,698877.72,349.4389,101.5457,0.050773,0.05
2026-02-16,WETH/USDC,0x82dbe18346a8656dbb5e76f74bf3ae279cc16b29,1316761.13,2469778.23,740.9335,187.5646,0.056269,0.03
2026-02-16,WETH/cbBTC,0x3f9b863ef4b295d6ba370215bcca3785fcc44f44,2588200.18,2203422.98,661.0061,85.1334,0.025539,0.029999
2026-02-16,WETH/cbXRP,0xee58348059c9ad6ac345be79c399da0c200627ed,309290.66,83978.45,251.9731,27.152,0.081468,0.300045
2026-02-17,USDC/cbBTC,0x0ba69825c4c033e72309f6ac0bde0023b15cc97c,1441055.95,1894204.49,471.6185,131.4456,0.032727,0.024898
2026-02-17,WETH/EURC,0xb20f018dde5a6fe7f93c31da05a5da9efbc52772,676364.79,828738.69,368.7293,122.5284,0.054516,0.044493
2026-02-17,WETH/USDC,0x82dbe18346a8656dbb5e76f74bf3ae279cc16b29,1342752.41,2416563.87,641.652,179.9709,0.047786,0.026552
2026-02-17,WETH/cbBTC,0x3f9b863ef4b295d6ba370215bcca3785fcc44f44,2575513.57,2804725.05,687.0072,108.8996,0.026675,0.024495
2026-02-17,WETH/cbXRP,0xee58348059c9ad6ac345be79c399da0c200627ed,308246.07,73129.3,187.2227,23.7243,0.060738,0.256016
2026-02-18,USDC/cbBTC,0x0ba69825c4c033e72309f6ac0bde0023b15cc97c,1427753.13,1317450.46,345.6647,92.2744,0.02421,0.026237
2026-02-18,WETH/EURC,0xb20f018dde5a6fe7f93c31da05a5da9efbc52772,647910.15,701227.97,295.6307,108.2292,0.045628,0.042159
2026-02-18,WETH/USDC,0x82dbe18346a8656dbb5e76f74bf3ae279cc16b29,1351757.43,2413875.5,660.3146,178.5731,0.048849,0.027355
2026-02-18,WETH/cbBTC,0x3f9b863ef4b295d6ba370215bcca3785fcc44f44,2532657.35,2541420.14,730.4358,100.346,0.028841,0.028741
2026-02-18,WETH/cbXRP,0xee58348059c9ad6ac345be79c399da0c200627ed,295993.59,64417.85,138.7538,21.7633,0.046877,0.215396
2026-02-19,USDC/cbBTC,0x0ba69825c4c033e72309f6ac0bde0023b15cc97c,1168658.98,2182445.49,634.5163,186.7478,0.054294,0.029074
2026-02-19,WETH/EURC,0xb20f018dde5a6fe7f93c31da05a5da9efbc52772,529169.41,505907.39,252.3573,95.6041,0.047689,0.049882
2026-02-19,WETH/USDC,0x82dbe18346a8656dbb5e76f74bf3ae279cc16b29,1313275.89,1971634.16,591.4163,150.131,0.045034,0.029996
2026-02-19,WETH/cbBTC,0x3f9b863ef4b295d6ba370215bcca3785fcc44f44,2521594.54,2830785.13,584.8728,112.2617,0.023195,0.020661
2026-02-19,WETH/cbXRP,0xee58348059c9ad6ac345be79c399da0c200627ed,320322.91,15153.23,44.9271,4.7306,0.014026,0.296485
2026-02-20,USDC/cbBTC,0x0ba69825c4c033e72309f6ac0bde0023b15cc97c,1154977.52,1940593.32,516.2428,168.02,0.044697,0.026602
2026-02-20,WETH/EURC,0xb20f018dde5a6fe7f93c31da05a5da9efbc52772,528924.2,663822.62,256.1209,125.5043,0.048423,0.038583
2026-02-20,WETH/USDC,0x82dbe18346a8656dbb5e76f74bf3ae279cc16b29,1228232.02,2068847.4,538.13,168.4411,0.043813,0.026011
2026-02-20,WETH/cbBTC,0x3f9b863ef4b295d6ba370215bcca3785fcc44f44,2556878.37,2808724.02,742.0783,109.8497,0.029023,0.02642
2026-02-20,WETH/cbXRP,0xee58348059c9ad6ac345be79c399da0c200627ed,360770.22,43670.54,101.577,12.1048,0.028156,0.232598
2026-02-21,USDC/cbBTC,0x0ba69825c4c033e72309f6ac0bde0023b15cc97c,1251732.52,559078.36,118.0331,44.6644,0.00943,0.021112
2026-02-21,WETH/EURC,0xb20f018dde5a6fe7f93c31da05a5da9efbc52772,653363.51,296075.69,92.4077,45.3156,0.014143,0.031211
2026-02-21,WETH/USDC,0x82dbe18346a8656dbb5e76f74bf3ae279cc16b29,1230080.18,877516.76,184.9863,71.3382,0.015039,0.021081
2026-02-21,WETH/cbBTC,0x3f9b863ef4b295d6ba370215bcca3785fcc44f44,2558436.03,1357583.95,272.7682,53.063,0.010662,0.020092
2026-02-21,WETH/cbXRP,0xee58348059c9ad6ac345be79c399da0c200627ed,404036.59,31457.36,63.371,7.7858,0.015684,0.20145
2026-02-22,USDC/cbBTC,0x0ba69825c4c033e72309f6ac0bde0023b15cc97c,1248192.11,438947.91,89.028,35.1667,0.007133,0.020282
2026-02-22,WETH/EURC,0xb20f018dde5a6fe7f93c31da05a5da9efbc52772,583359.43,212513.96,75.076,36.4293,0.01287,0.035328
2026-02-22,WETH/USDC,0x82dbe18346a8656dbb5e76f74bf3ae279cc16b29,1323043.0,733587.2,162.8383,55.447,0.012308,0.022198
2026-02-22,WETH/cbBTC,0x3f9b863ef4b295d6ba370215bcca3785fcc44f44,2482082.37,1216177.79,243.2356,48.9983,0.0098,0.02
2026-02-22,WETH/cbXRP,0xee58348059c9ad6ac345be79c399da0c200627ed,397005.67,7004.04,14.8879,1.7642,0.00375,0.212562
2026-02-23,USDC/cbBTC,0x0ba69825c4c033e72309f6ac0bde0023b15cc97c,1190069.41,1943835.91,559.9648,163.338,0.047053,0.028807
2026-02-23,WETH/EURC,0xb20f018dde5a6fe7f93c31da05a5da9efbc52772,574617.33,617718.82,308.3035,107.5009,0.053654,0.04991
2026-02-23,WETH/USDC,0x82dbe18346a8656dbb5e76f74bf3ae279cc16b29,1378788.45,1367950.26,408.343,99.2139,0.029616,0.029851
2026-02-23,WETH/cbBTC,0x3f9b863ef4b295d6ba370215bcca3785fcc44f44,2359113.05,2690081.42,546.7792,114.0294,0.023177,0.020326
2026-02-23,WETH/cbXRP,0xee58348059c9ad6ac345be79c399da0c200627ed,307465.06,140274.87,414.9883,45.623,0.134971,0.295839
2026-02-24,USDC/cbBTC,0x0ba69825c4c033e72309f6ac0bde0023b15cc97c,1184443.62,1876627.56,713.3223,158.4396,0.060224,0.038011
2026-02-24,WETH/EURC,0xb20f018dde5a6fe7f93c31da05a5da9efbc52772,568484.67,618454.88,309.2274,108.7901,0.054395,0.05
2026-02-24,WETH/USDC,0x82dbe18346a8656dbb5e76f74bf3ae279cc16b29,1366740.51,1311779.73,438.1302,95.9787,0.032057,0.0334
2026-02-24,WETH/cbBTC,0x3f9b863ef4b295d6ba370215bcca3785fcc44f44,2373507.37,2169729.16,515.6991,91.4145,0.021727,0.023768
2026-02-24,WETH/cbXRP,0xee58348059c9ad6ac345be79c399da0c200627ed,294506.72,63549.38,154.5683,21.5782,0.052484,0.243225
2026-02-25,USDC/cbBTC,0x0ba69825c4c033e72309f6ac0bde0023b15cc97c,1586972.59,547037.09,1094.0742,34.4705,0.068941,0.2
2026-02-25,WETH/EURC,0xb20f018dde5a6fe7f93c31da05a5da9efbc52772,592060.05,489015.56,245.9565,82.5956,0.041542,0.050296
2026-02-25,WETH/USDC,0x82dbe18346a8656dbb5e76f74bf3ae279cc16b29,1408301.65,822110.37,1644.2207,58.376,0.116752,0.2
2026-02-25,WETH/cbBTC,0x3f9b863ef4b295d6ba370215bcca3785fcc44f44,2564682.43,930829.33,1861.6587,36.2941,0.072588,0.2
2026-02-25,WETH/cbXRP,0xee58348059c9ad6ac345be79c399da0c200627ed,327271.28,72401.6,186.5344,22.1228,0.056997,0.257638
2026-02-26,USDC/cbBTC,0x0ba69825c4c033e72309f6ac0bde0023b15cc97c,1570070.5,725082.54,1450.1651,46.1815,0.092363,0.2
2026-02-26,WETH/EURC,0xb20f018dde5a6fe7f93c31da05a5da9efbc52772,589250.89,826825.1,420.9724,140.318,0.071442,0.050914
2026-02-26,WETH/USDC,0x82dbe18346a8656dbb5e76f74bf3ae279cc16b29,1226600.1,531085.22,1062.1704,43.2973,0.086595,0.2
2026-02-26,WETH/cbBTC,0x3f9b863ef4b295d6ba370215bcca3785fcc44f44,2550878.36,501322.57,1002.6451,19.6529,0.039306,0.2
2026-02-26,WETH/cbXRP,0xee58348059c9ad6ac345be79c399da0c200627ed,345125.77,16654.56,49.9637,4.8257,0.014477,0.3
2026-02-27,USDC/cbBTC,0x0ba69825c4c033e72309f6ac0bde0023b15cc97c,1556216.46,269698.42,539.3968,17.3304,0.034661,0.2
2026-02-27,WETH/EURC,0xb20f018dde5a6fe7f93c31da05a5da9efbc52772,549740.93,510623.09,255.3115,92.8843,0.046442,0.05
2026-02-27,WETH/USDC,0x82dbe18346a8656dbb5e76f74bf3ae279cc16b29,1159978.99,447507.14,895.0143,38.5789,0.077158,0.2
2026-02-27,WETH/cbBTC,0x3f9b863ef4b295d6ba370215bcca3785fcc44f44,2452753.4,532870.19,1065.7404,21.7254,0.043451,0.2
2026-02-27,WETH/cbXRP,0xee58348059c9ad6ac345be79c399da0c200627ed,310579.54,70800.2,204.4156,22.7962,0.065817,0.288722
2026-02-28,USDC/cbBTC,0x0ba69825c4c033e72309f6ac0bde0023b15cc97c,1566309.94,689487.47,1378.9749,44.0199,0.08804,0.2
2026-02-28,WETH/EURC,0xb20f018dde5a6fe7f93c31da05a5da9efbc52772,546899.93,661065.32,330.5327,120.875,0.060438,0.05
2026-02-28,WETH/USDC,0x82dbe18346a8656dbb5e76f74bf3ae279cc16b29,1160329.63,547086.01,1094.172,47.1492,0.094298,0.2
2026-02-28,WETH/cbBTC,0x3f9b863ef4b295d6ba370215bcca3785fcc44f44,2500882.07,483965.2,967.9304,19.3518,0.038704,0.2
2026-02-28,WETH/cbXRP,0xee58348059c9ad6ac345be79c399da0c200627ed,306745.35,46373.73,133.5968,15.118,0.043553,0.288087
2026-03-01,USDC/cbBTC,0x0ba69825c4c033e72309f6ac0bde0023b15cc97c,1574465.84,764341.01,1528.682,48.5461,0.097092,0.2
2026-03-01,WETH/EURC,0xb20f018dde5a6fe7f93c31da05a5da9efbc52772,532062.41,789402.94,394.7015,148.3666,0.074183,0.05
2026-03-01,WETH/USDC,0x82dbe18346a8656dbb5e76f74bf3ae279cc16b29,1305566.91,670700.77,1341.4015,51.3724,0.102745,0.2
2026-03-01,WETH/cbBTC,0x3f9b863ef4b295d6ba370215bcca3785fcc44f44,2485536.12,798923.31,1597.8466,32.1429,0.064286,0.2
2026-03-01,WETH/cbXRP,0xee58348059c9ad6ac345be79c399da0c200627ed,308955.97,55302.49,131.1583,17.8998,0.042452,0.237165
2026-03-02,USDC/cbBTC,0x0ba69825c4c033e72309f6ac0bde0023b15cc97c,1606821.23,732641.59,1465.2832,45.5957,0.091191,0.2
2026-03-02,WETH/EURC,0xb20f018dde5a6fe7f93c31da05a5da9efbc52772,532123.41,844697.88,422.3489,158.741,0.07937,0.05
2026-03-02,WETH/USDC,0x82dbe18346a8656dbb5e76f74bf3ae279cc16b29,922056.21,681796.55,1363.5931,73.9431,0.147886,0.2
2026-03-02,WETH/cbBTC,0x3f9b863ef4b295d6ba370215bcca3785fcc44f44,2564671.28,726829.15,1453.6583,28.3401,0.05668,0.2
2026-03-02,WETH/cbXRP,0xee58348059c9ad6ac345be79c399da0c200627ed,305176.34,12201.37,26.243,3.9981,0.008599,0.215083
2026-03-03,USDC/cbBTC,0x0ba69825c4c033e72309f6ac0bde0023b15cc97c,1337225.46,598908.93,1197.8179,44.7874,0.089575,0.2
2026-03-03,WETH/EURC,0xb20f018dde5a6fe7f93c31da05a5da9efbc52772,525229.94,967194.64,483.5973,184.1469,0.092073,0.05
2026-03-03,WETH/USDC,0x82dbe18346a8656dbb5e76f74bf3ae279cc16b29,1250442.51,595390.27,1190.7805,47.6144,0.095229,0.2
2026-03-03,WETH/cbBTC,0x3f9b863ef4b295d6ba370215bcca3785fcc44f44,2555293.66,452002.76,904.0055,17.6889,0.035378,0.2
2026-03-03,WETH/cbXRP,0xee58348059c9ad6ac345be79c399da0c200627ed,289580.13,26246.11,71.6797,9.0635,0.024753,0.273106
2026-03-04,USDC/cbBTC,0x0ba69825c4c033e72309f6ac0bde0023b15cc97c,1314578.5,356759.74,713.5195,27.1387,0.054277,0.2
2026-03-04,WETH/EURC,0xb20f018dde5a6fe7f93c31da05a5da9efbc52772,527662.16,715537.41,358.6145,135.6052,0.067963,0.050118
2026-03-04,WETH/USDC,0x82dbe18346a8656dbb5e76f74bf3ae279cc16b29,1291378.86,541057.67,1082.1153,41.8977,0.083795,0.2
2026-03-04,WETH/cbBTC,0x3f9b863ef4b295d6ba370215bcca3785fcc44f44,2714340.7,710646.03,1421.2921,26.1812,0.052362,0.2
2026-03-04,WETH/cbXRP,0xee58348059c9ad6ac345be79c399da0c200627ed,306322.45,47998.2,110.7048,15.6692,0.03614,0.230644
2026-03-05,USDC/cbBTC,0x0ba69825c4c033e72309f6ac0bde0023b15cc97c,1316524.1,376670.93,753.3419,28.611,0.057222,0.2
2026-03-05,WETH/EURC,0xb20f018dde5a6fe7f93c31da05a5da9efbc52772,451181.58,506754.83,256.1691,112.3173,0.056777,0.050551
2026-03-05,WETH/USDC,0x82dbe18346a8656dbb5e76f74bf3ae279cc16b29,1326693.12,284653.37,569.3067,21.4559,0.042912,0.2
2026-03-05,WETH/cbBTC,0x3f9b863ef4b295d6ba370215bcca3785fcc44f44,2356956.98,481237.41,962.4748,20.4177,0.040835,0.2
2026-03-05,WETH/cbXRP,0xee58348059c9ad6ac345be79c399da0c200627ed,301387.9,20513.35,53.231,6.8063,0.017662,0.259495
2026-03-06,USDC/cbBTC,0x0ba69825c4c033e72309f6ac0bde0023b15cc97c,1497719.28,220912.84,441.8257,14.7499,0.0295,0.2
2026-03-06,WETH/EURC,0xb20f018dde5a6fe7f93c31da05a5da9efbc52772,441531.42,361161.39,180.5807,81.7974,0.040899,0.05
2026-03-06,WETH/USDC,0x82dbe18346a8656dbb5e76f74bf3ae279cc16b29,1186069.36,417740.51,835.481,35.2206,0.070441,0.2
2026-03-06,WETH/cbBTC,0x3f9b863ef4b295d6ba370215bcca3785fcc44f44,2245974.17,328081.42,656.1628,14.6075,0.029215,0.2
2026-03-06,WETH/cbXRP,0xee58348059c9ad6ac345be79c399da0c200627ed,286683.68,7352.13,73.5213,2.5645,0.025645,1.0
2026-03-07,USDC/cbBTC,0x0ba69825c4c033e72309f6ac0bde0023b15cc97c,1443550.63,50282.5,100.565,3.4833,0.006967,0.2
2026-03-07,WETH/EURC,0xb20f018dde5a6fe7f93c31da05a5da9efbc52772,439937.92,515872.45,257.9362,117.2603,0.05863,0.05
2026-03-07,WETH/USDC,0x82dbe18346a8656dbb5e76f74bf3ae279cc16b29,1227937.05,154633.83,309.2677,12.593,0.025186,0.2
2026-03-07,WETH/cbBTC,0x3f9b863ef4b295d6ba370215bcca3785fcc44f44,2222331.21,121089.23,242.1785,5.4487,0.010897,0.2
2026-03-07,WETH/cbXRP,0xee58348059c9ad6ac345be79c399da0c200627ed,284407.0,4815.75,48.1575,1.6933,0.016933,1.0
2026-03-08,USDC/cbBTC,0x0ba69825c4c033e72309f6ac0bde0023b15cc97c,1425749.27,254412.26,508.8245,17.8441,0.035688,0.2
2026-03-08,WETH/EURC,0xb20f018dde5a6fe7f93c31da05a5da9efbc52772,436106.42,572879.14,252.8522,131.3622,0.057979,0.044137
2026-03-08,WETH/USDC,0x82dbe18346a8656dbb5e76f74bf3ae279cc16b29,1202933.46,317611.12,635.2222,26.4031,0.052806,0.2
2026-03-08,WETH/cbBTC,0x3f9b863ef4b295d6ba370215bcca3785fcc44f44,2190964.17,260616.16,521.2323,11.895,0.02379,0.2
2026-03-08,WETH/cbXRP,0xee58348059c9ad6ac345be79c399da0c200627ed,282352.52,14483.12,144.8312,5.1294,0.051294,1.0
2026-03-09,USDC/cbBTC,0x0ba69825c4c033e72309f6ac0bde0023b15cc97c,1458151.29,470872.99,941.746,32.2925,0.064585,0.2
2026-03-09,WETH/EURC,0xb20f018dde5a6fe7f93c31da05a5da9efbc52772,442326.01,1231932.07,610.0438,278.5122,0.137917,0.049519
2026-03-09,WETH/USDC,0x82dbe18346a8656dbb5e76f74bf3ae279cc16b29,1254411.18,564888.17,1129.7763,45.0321,0.090064,0.2
2026-03-09,WETH/cbBTC,0x3f9b863ef4b295d6ba370215bcca3785fcc44f44,1912612.49,365702.06,731.4041,19.1206,0.038241,0.2
2026-03-09,WETH/cbXRP,0xee58348059c9ad6ac345be79c399da0c200627ed,72198.22,13496.91,134.9691,18.6942,0.186942,1.0
2026-03-10,USDC/cbBTC,0x0ba69825c4c033e72309f6ac0bde0023b15cc97c,1313025.69,895556.76,724.3612,68.2056,0.055167,0.080884
2026-03-10,WETH/EURC,0xb20f018dde5a6fe7f93c31da05a5da9efbc52772,216555.61,1271557.78,635.7789,587.1738,0.293587,0.05
2026-03-10,WETH/USDC,0x82dbe18346a8656dbb5e76f74bf3ae279cc16b29,1251999.47,693419.46,808.0976,55.385,0.064545,0.116538
2026-03-10,WETH/cbBTC,0x3f9b863ef4b295d6ba370215bcca3785fcc44f44,1827796.97,778900.06,690.1465,42.6141,0.037758,0.088605
2026-03-10,WETH/cbXRP,0xee58348059c9ad6ac345be79c399da0c200627ed,71956.66,8161.8,47.9675,11.3427,0.066662,0.587707
2026-03-11,USDC/cbBTC,0x0ba69825c4c033e72309f6ac0bde0023b15cc97c,1347169.21,1475500.5,571.6126,109.526,0.042431,0.03874
2026-03-11,WETH/EURC,0xb20f018dde5a6fe7f93c31da05a5da9efbc52772,444595.26,438686.16,218.8778,98.6709,0.049231,0.049894
2026-03-11,WETH/USDC,0x82dbe18346a8656dbb5e76f74bf3ae279cc16b29,1217101.61,1019162.8,509.0671,83.7369,0.041826,0.04995
2026-03-11,WETH/cbBTC,0x3f9b863ef4b295d6ba370215bcca3785fcc44f44,1838713.41,1258097.36,380.1465,68.4227,0.020675,0.030216
2026-03-11,WETH/cbXRP,0xee58348059c9ad6ac345be79c399da0c200627ed,73044.0,16777.48,34.2277,22.969,0.046859,0.20401
2026-03-12,USDC/cbBTC,0x0ba69825c4c033e72309f6ac0bde0023b15cc97c,910918.82,1400274.92,411.4764,153.7212,0.045172,0.029385
2026-03-12,WETH/EURC,0xb20f018dde5a6fe7f93c31da05a5da9efbc52772,445102.4,646136.75,322.9339,145.1659,0.072553,0.049979
2026-03-12,WETH/USDC,0x82dbe18346a8656dbb5e76f74bf3ae279cc16b29,1087670.69,1004061.74,483.7451,92.313,0.044475,0.048179
2026-03-12,WETH/cbBTC,0x3f9b863ef4b295d6ba370215bcca3785fcc44f44,1837107.21,1293450.62,392.8434,70.4069,0.021384,0.030372
2026-03-12,WETH/cbXRP,0xee58348059c9ad6ac345be79c399da0c200627ed,73628.55,3851.04,8.9284,5.2304,0.012126,0.231843
2026-03-13,USDC/cbBTC,0x0ba69825c4c033e72309f6ac0bde0023b15cc97c,953194.3,1669286.85,609.2954,175.1256,0.063921,0.0365
2026-03-13,WETH/EURC,0xb20f018dde5a6fe7f93c31da05a5da9efbc52772,441609.62,370587.06,176.6245,83.9173,0.039996,0.047661
2026-03-13,WETH/USDC,0x82dbe18346a8656dbb5e76f74bf3ae279cc16b29,1097642.9,1204549.86,591.1973,109.7397,0.053861,0.04908
2026-03-13,WETH/cbBTC,0x3f9b863ef4b295d6ba370215bcca3785fcc44f44,1852127.56,2312344.54,737.972,124.848,0.039845,0.031914
2026-03-13,WETH/cbXRP,0xee58348059c9ad6ac345be79c399da0c200627ed,70281.14,14319.9,38.272,20.3752,0.054456,0.267264
2026-03-14,USDC/cbBTC,0x0ba69825c4c033e72309f6ac0bde0023b15cc97c,1236357.93,211415.21,83.0793,17.0998,0.00672,0.039297
2026-03-14,WETH/EURC,0xb20f018dde5a6fe7f93c31da05a5da9efbc52772,438931.44,47622.23,23.8111,10.8496,0.005425,0.05
2026-03-14,WETH/USDC,0x82dbe18346a8656dbb5e76f74bf3ae279cc16b29,1097145.16,264053.56,132.0268,24.0673,0.012034,0.05
2026-03-14,WETH/cbBTC,0x3f9b863ef4b295d6ba370215bcca3785fcc44f44,1858164.49,507013.17,155.0428,27.2857,0.008344,0.03058
2026-03-14,WETH/cbXRP,0xee58348059c9ad6ac345be79c399da0c200627ed,72124.22,5589.73,12.7038,7.7501,0.017614,0.227271
2026-03-15,USDC/cbBTC,0x0ba69825c4c033e72309f6ac0bde0023b15cc97c,971580.47,821766.79,233.9136,84.5804,0.024076,0.028465
2026-03-15,WETH/EURC,0xb20f018dde5a6fe7f93c31da05a5da9efbc52772,445228.35,382388.34,187.8986,85.8859,0.042203,0.049138
2026-03-15,WETH/USDC,0x82dbe18346a8656dbb5e76f74bf3ae279cc16b29,1088862.2,644303.83,314.1187,59.1722,0.028848,0.048753
2026-03-15,WETH/cbBTC,0x3f9b863ef4b295d6ba370215bcca3785fcc44f44,1919810.2,1190326.12,359.8364,62.0023,0.018743,0.03023
2026-03-15,WETH/cbXRP,0xee58348059c9ad6ac345be79c399da0c200627ed,74469.23,16033.55,32.7649,21.5304,0.043998,0.204352
2026-03-16,USDC/cbBTC,0x0ba69825c4c033e72309f6ac0bde0023b15cc97c,827509.29,1529732.48,607.9918,184.8599,0.073473,0.039745
2026-03-16,WETH/EURC,0xb20f018dde5a6fe7f93c31da05a5da9efbc52772,456821.69,750235.45,375.2505,164.2294,0.082144,0.050018
2026-03-16,WETH/USDC,0x82dbe18346a8656dbb5e76f74bf3ae279cc16b29,820936.92,583656.1,292.2063,71.0963,0.035594,0.050065
2026-03-16,WETH/cbBTC,0x3f9b863ef4b295d6ba370215bcca3785fcc44f44,2014789.85,2445654.73,1194.8391,121.3851,0.059303,0.048856
2026-03-16,WETH/cbXRP,0xee58348059c9ad6ac345be79c399da0c200627ed,80395.59,18215.41,53.4718,22.6572,0.066511,0.293553
2026-03-17,USDC/cbBTC,0x0ba69825c4c033e72309f6ac0bde0023b15cc97c,918683.13,1227224.84,489.8189,133.5852,0.053317,0.039913
2026-03-17,WETH/EURC,0xb20f018dde5a6fe7f93c31da05a5da9efbc52772,455863.57,823417.11,414.0091,180.628,0.090819,0.050279
2026-03-17,WETH/USDC,0x82dbe18346a8656dbb5e76f74bf3ae279cc16b29,1126472.57,637568.9,319.6631,56.5987,0.028377,0.050138
2026-03-17,WETH/cbBTC,0x3f9b863ef4b295d6ba370215bcca3785fcc44f44,2005472.63,1141711.02,566.5415,56.9298,0.02825,0.049622
2026-03-17,WETH/cbXRP,0xee58348059c9ad6ac345be79c399da0c200627ed,79676.49,34620.49,103.8615,43.4513,0.130354,0.3
2026-03-18,USDC/cbBTC,0x0ba69825c4c033e72309f6ac0bde0023b15cc97c,793441.32,609512.99,183.2618,76.8189,0.023097,0.030067
2026-03-18,WETH/EURC,0xb20f018dde5a6fe7f93c31da05a5da9efbc52772,444307.2,539714.76,218.0398,121.4733,0.049074,0.040399
2026-03-18,WETH/USDC,0x82dbe18346a8656dbb5e76f74bf3ae279cc16b29,799763.84,907825.02,387.1005,113.5116,0.048402,0.04264
2026-03-18,WETH/cbBTC,0x3f9b863ef4b295d6ba370215bcca3785fcc44f44,2059807.79,1900398.1,723.8596,92.2609,0.035142,0.03809
2026-03-18,WETH/cbXRP,0xee58348059c9ad6ac345be79c399da0c200627ed,75561.36,19312.7,43.364,25.559,0.057389,0.224536
2026-03-19,USDC/cbBTC,0x0ba69825c4c033e72309f6ac0bde0023b15cc97c,932900.33,834708.46,417.3542,89.4746,0.044737,0.05
2026-03-19,WETH/EURC,0xb20f018dde5a6fe7f93c31da05a5da9efbc52772,419703.26,289187.85,144.5515,68.9029,0.034441,0.049985
2026-03-19,WETH/USDC,0x82dbe18346a8656dbb5e76f74bf3ae279cc16b29,638637.36,754261.07,377.1305,118.1048,0.059052,0.05
2026-03-19,WETH/cbBTC,0x3f9b863ef4b295d6ba370215bcca3785fcc44f44,1982610.98,2024571.47,959.5215,102.1164,0.048397,0.047394
2026-03-19,WETH/cbXRP,0xee58348059c9ad6ac345be79c399da0c200627ed,72819.54,13689.63,39.9842,18.7994,0.054909,0.292076
2026-03-20,USDC/cbBTC,0x0ba69825c4c033e72309f6ac0bde0023b15cc97c,940990.52,1215329.28,568.2347,129.1543,0.060387,0.046756
2026-03-20,WETH/EURC,0xb20f018dde5a6fe7f93c31da05a5da9efbc52772,420188.59,597960.33,277.0054,142.3076,0.065924,0.046325
2026-03-20,WETH/USDC,0x82dbe18346a8656dbb5e76f74bf3ae279cc16b29,1045667.34,803895.44,362.1804,76.8787,0.034636,0.045053
2026-03-20,WETH/cbBTC,0x3f9b863ef4b295d6ba370215bcca3785fcc44f44,1851579.05,1233849.92,489.7464,66.6377,0.02645,0.039693
2026-03-20,WETH/cbXRP,0xee58348059c9ad6ac345be79c399da0c200627ed,73766.33,8202.68,21.0304,11.1198,0.028509,0.256385
2026-03-21,USDC/cbBTC,0x0ba69825c4c033e72309f6ac0bde0023b15cc97c,1095685.86,382545.51,120.2002,34.9138,0.01097,0.031421
2026-03-21,WETH/EURC,0xb20f018dde5a6fe7f93c31da05a5da9efbc52772,415269.82,412513.24,85.2012,99.3362,0.020517,0.020654
2026-03-21,WETH/USDC,0x82dbe18346a8656dbb5e76f74bf3ae279cc16b29,803307.85,354156.98,108.2134,44.0873,0.013471,0.030555
2026-03-21,WETH/cbBTC,0x3f9b863ef4b295d6ba370215bcca3785fcc44f44,1804057.32,413658.92,104.2548,22.9294,0.005779,0.025203
2026-03-21,WETH/cbXRP,0xee58348059c9ad6ac345be79c399da0c200627ed,71597.08,6647.76,13.3922,9.285,0.018705,0.201454
2026-03-22,USDC/cbBTC,0x0ba69825c4c033e72309f6ac0bde0023b15cc97c,1049614.47,733555.26,344.7852,69.8881,0.032849,0.047002
2026-03-22,WETH/EURC,0xb20f018dde5a6fe7f93c31da05a5da9efbc52772,412924.73,367979.99,168.8976,89.1155,0.040903,0.045899
2026-03-22,WETH/USDC,0x82dbe18346a8656dbb5e76f74bf3ae279cc16b29,894282.76,804323.63,379.6844,89.9406,0.042457,0.047205
2026-03-22,WETH/cbBTC,0x3f9b863ef4b295d6ba370215bcca3785fcc44f44,1778414.33,1294817.94,329.5619,72.8074,0.018531,0.025452
2026-03-22,WETH/cbXRP,0xee58348059c9ad6ac345be79c399da0c200627ed,70863.05,10773.64,21.8562,15.2035,0.030843,0.202867
2026-03-23,USDC/cbBTC,0x0ba69825c4c033e72309f6ac0bde0023b15cc97c,852171.53,1218630.51,608.8334,143.003,0.071445,0.04996
2026-03-23,WETH/EURC,0xb20f018dde5a6fe7f93c31da05a5da9efbc52772,420004.72,788985.8,394.1065,187.8517,0.093834,0.049951
2026-03-23,WETH/USDC,0x82dbe18346a8656dbb5e76f74bf3ae279cc16b29,590215.59,975203.56,487.6018,165.2284,0.082614,0.05
2026-03-23,WETH/cbBTC,0x3f9b863ef4b295d6ba370215bcca3785fcc44f44,2089577.4,3527462.19,1066.3151,168.8122,0.05103,0.030229
2026-03-23,WETH/cbXRP,0xee58348059c9ad6ac345be79c399da0c200627ed,74171.59,27797.41,56.8204,37.4772,0.076607,0.204409
2026-03-24,USDC/cbBTC,0x0ba69825c4c033e72309f6ac0bde0023b15cc97c,893287.56,1180689.67,590.334,132.1735,0.066086,0.049999
2026-03-24,WETH/EURC,0xb20f018dde5a6fe7f93c31da05a5da9efbc52772,402490.48,612516.22,305.9544,152.1815,0.076015,0.04995
2026-03-24,WETH/USDC,0x82dbe18346a8656dbb5e76f74bf3ae279cc16b29,1010736.24,623454.51,311.678,61.6832,0.030837,0.049992
2026-03-24,WETH/cbBTC,0x3f9b863ef4b295d6ba370215bcca3785fcc44f44,1875531.63,1069142.95,307.0182,57.0048,0.01637,0.028716
2026-03-24,WETH/cbXRP,0xee58348059c9ad6ac345be79c399da0c200627ed,73303.15,5549.46,14.58,7.5706,0.01989,0.262728
2026-03-25,USDC/cbBTC,0x0ba69825c4c033e72309f6ac0bde0023b15cc97c,1018040.72,724731.87,359.4206,71.1889,0.035305,0.049594
2026-03-25,WETH/EURC,0xb20f018dde5a6fe7f93c31da05a5da9efbc52772,405202.23,538406.33,263.5607,132.8735,0.065044,0.048952
2026-03-25,WETH/USDC,0x82dbe18346a8656dbb5e76f74bf3ae279cc16b29,914179.34,734232.3,360.5809,80.316,0.039443,0.04911
2026-03-25,WETH/cbBTC,0x3f9b863ef4b295d6ba370215bcca3785fcc44f44,1933977.93,1061439.93,266.5518,54.8838,0.013783,0.025112
2026-03-25,WETH/cbXRP,0xee58348059c9ad6ac345be79c399da0c200627ed,73655.22,9617.84,20.7222,13.0579,0.028134,0.215456
2026-03-26,USDC/cbBTC,0x0ba69825c4c033e72309f6ac0bde0023b15cc97c,949932.43,1077654.56,516.8521,113.4454,0.054409,0.047961
2026-03-26,WETH/EURC,0xb20f018dde5a6fe7f93c31da05a5da9efbc52772,393934.07,366323.14,180.8972,92.991,0.045921,0.049382
2026-03-26,WETH/USDC,0x82dbe18346a8656dbb5e76f74bf3ae279cc16b29,899510.23,754362.05,375.9669,83.8636,0.041797,0.049839
2026-03-26,WETH/cbBTC,0x3f9b863ef4b295d6ba370215bcca3785fcc44f44,1883579.05,1093967.66,369.185,58.0792,0.0196,0.033747
2026-03-26,WETH/cbXRP,0xee58348059c9ad6ac345be79c399da0c200627ed,70456.06,11190.66,24.6669,15.8832,0.03501,0.220424
2026-03-27,USDC/cbBTC,0x0ba69825c4c033e72309f6ac0bde0023b15cc97c,876035.52,332603.0,133.0412,37.9668,0.015187,0.04
2026-03-27,WETH/EURC,0xb20f018dde5a6fe7f93c31da05a5da9efbc52772,388357.32,465952.8,232.3668,119.9804,0.059833,0.049869
2026-03-27,WETH/USDC,0x82dbe18346a8656dbb5e76f74bf3ae279cc16b29,568403.94,504908.22,252.4541,88.8291,0.044415,0.05
2026-03-27,WETH/cbBTC,0x3f9b863ef4b295d6ba370215bcca3785fcc44f44,1977433.22,1300278.31,372.0862,65.7559,0.018817,0.028616
2026-03-27,WETH/cbXRP,0xee58348059c9ad6ac345be79c399da0c200627ed,68308.8,13203.39,41.7774,19.329,0.06116,0.316414
2026-03-28,USDC/cbBTC,0x0ba69825c4c033e72309f6ac0bde0023b15cc97c,876125.63,267777.56,106.1062,30.5638,0.012111,0.039625
2026-03-28,WETH/EURC,0xb20f018dde5a6fe7f93c31da05a5da9efbc52772,388464.52,272150.32,134.8862,70.058,0.034723,0.049563
2026-03-28,WETH/USDC,0x82dbe18346a8656dbb5e76f74bf3ae279cc16b29,603152.41,153792.3,76.8763,25.4981,0.012746,0.049987
2026-03-28,WETH/cbBTC,0x3f9b863ef4b295d6ba370215bcca3785fcc44f44,2087145.09,1212098.53,243.3076,58.0745,0.011657,0.020073
2026-03-28,WETH/cbXRP,0xee58348059c9ad6ac345be79c399da0c200627ed,68556.69,2738.61,9.3559,3.9947,0.013647,0.341629
2026-03-29,USDC/cbBTC,0x0ba69825c4c033e72309f6ac0bde0023b15cc97c,931538.64,702644.03,146.3319,75.4283,0.015709,0.020826
2026-03-29,WETH/EURC,0xb20f018dde5a6fe7f93c31da05a5da9efbc52772,371807.11,96368.26,26.3243,25.9189,0.00708,0.027316
2026-03-29,WETH/USDC,0x82dbe18346a8656dbb5e76f74bf3ae279cc16b29,720262.73,375572.4,137.9398,52.1438,0.019151,0.036728
2026-03-29,WETH/cbBTC,0x3f9b863ef4b295d6ba370215bcca3785fcc44f44,1899951.97,1103812.83,222.1482,58.0969,0.011692,0.020126
2026-03-29,WETH/cbXRP,0xee58348059c9ad6ac345be79c399da0c200627ed,67991.91,8845.66,17.8418,13.0099,0.026241,0.201701
2026-03-30,USDC/cbBTC,0x0ba69825c4c033e72309f6ac0bde0023b15cc97c,947275.11,1792095.45,544.3771,189.1843,0.057468,0.030377
2026-03-30,WETH/EURC,0xb20f018dde5a6fe7f93c31da05a5da9efbc52772,373456.51,944040.7,374.2916,252.7846,0.100224,0.039648
2026-03-30,WETH/USDC,0x82dbe18346a8656dbb5e76f74bf3ae279cc16b29,706869.84,914598.1,408.7779,129.3871,0.057829,0.044695
2026-03-30,WETH/cbBTC,0x3f9b863ef4b295d6ba370215bcca3785fcc44f44,1920666.14,1779134.36,470.7899,92.6311,0.024512,0.026462
2026-03-30,WETH/cbXRP,0xee58348059c9ad6ac345be79c399da0c200627ed,69049.64,10903.77,28.1732,15.7912,0.040801,0.25838
2026-03-31,USDC/cbBTC,0x0ba69825c4c033e72309f6ac0bde0023b15cc97c,974296.18,2114081.63,728.7178,216.9855,0.074794,0.03447
2026-03-31,WETH/EURC,0xb20f018dde5a6fe7f93c31da05a5da9efbc52772,381218.91,1006282.89,485.7936,263.9646,0.127432,0.048276
2026-03-31,WETH/USDC,0x82dbe18346a8656dbb5e76f74bf3ae279cc16b29,693593.9,1362535.18,571.1091,196.4457,0.082341,0.041915
2026-03-31,WETH/cbBTC,0x3f9b863ef4b295d6ba370215bcca3785fcc44f44,2000633.93,2402276.17,601.49,120.0757,0.030065,0.025038
2026-03-31,WETH/cbXRP,0xee58348059c9ad6ac345be79c399da0c200627ed,71124.48,3672.02,18.3124,5.1628,0.025747,0.498701
2026-04-01,USDC/cbBTC,0x0ba69825c4c033e72309f6ac0bde0023b15cc97c,1025243.16,1011880.2,401.8258,98.6966,0.039193,0.039711
2026-04-01,WETH/EURC,0xb20f018dde5a6fe7f93c31da05a5da9efbc52772,383960.29,735163.99,366.5804,191.4688,0.095474,0.049864
2026-04-01,WETH/USDC,0x82dbe18346a8656dbb5e76f74bf3ae279cc16b29,792494.21,526655.63,410.0129,66.4555,0.051737,0.077852
2026-04-01,WETH/cbBTC,0x3f9b863ef4b295d6ba370215bcca3785fcc44f44,1915730.11,1268601.79,393.0209,66.2203,0.020515,0.030981
2026-04-01,WETH/cbXRP,0xee58348059c9ad6ac345be79c399da0c200627ed,72880.97,1271.48,4.3434,1.7446,0.00596,0.341603
2026-04-02,USDC/cbBTC,0x0ba69825c4c033e72309f6ac0bde0023b15cc97c,1045130.5,1386519.44,553.453,132.6647,0.052955,0.039917
2026-04-02,WETH/EURC,0xb20f018dde5a6fe7f93c31da05a5da9efbc52772,376968.78,690979.1,345.1771,183.2988,0.091567,0.049955
2026-04-02,WETH/USDC,0x82dbe18346a8656dbb5e76f74bf3ae279cc16b29,686749.17,179302.17,536.2332,26.1088,0.078083,0.299067
2026-04-02,WETH/cbBTC,0x3f9b863ef4b295d6ba370215bcca3785fcc44f44,1900413.28,1119553.86,430.295,58.9111,0.022642,0.038435
2026-04-02,WETH/cbXRP,0xee58348059c9ad6ac345be79c399da0c200627ed,70512.21,8758.96,28.48,12.4219,0.04039,0.325153
2026-04-03,USDC/cbBTC,0x0ba69825c4c033e72309f6ac0bde0023b15cc97c,1044997.78,538144.99,170.718,51.4972,0.016337,0.031723
2026-04-03,WETH/EURC,0xb20f018dde5a6fe7f93c31da05a5da9efbc52772,376155.1,122982.8,45.4254,32.6947,0.012076,0.036936
2026-04-03,WETH/USDC,0x82dbe18346a8656dbb5e76f74bf3ae279cc16b29,683115.37,197740.35,177.1354,28.9468,0.025931,0.08958
2026-04-03,WETH/cbBTC,0x3f9b863ef4b295d6ba370215bcca3785fcc44f44,1864630.18,614122.49,162.5178,32.9354,0.008716,0.026463
2026-04-03,WETH/cbXRP,0xee58348059c9ad6ac345be79c399da0c200627ed,69836.04,9827.98,26.6054,14.0729,0.038097,0.270711
2026-04-04,USDC/cbBTC,0x0ba69825c4c033e72309f6ac0bde0023b15cc97c,1071442.54,356730.63,71.463,33.2944,0.00667,0.020033
2026-04-04,WETH/EURC,0xb20f018dde5a6fe7f93c31da05a5da9efbc52772,381121.74,360193.1,71.8849,94.5087,0.018861,0.019957
2026-04-04,WETH/USDC,0x82dbe18346a8656dbb5e76f74bf3ae279cc16b29,712063.78,273897.55,30.946,38.4653,0.004346,0.011298
2026-04-04,WETH/cbBTC,0x3f9b863ef4b295d6ba370215bcca3785fcc44f44,1841843.64,432122.99,86.7811,23.4614,0.004712,0.020082
2026-04-04,WETH/cbXRP,0xee58348059c9ad6ac345be79c399da0c200627ed,70211.49,3724.5,7.5569,5.3047,0.010763,0.202898
2026-04-05,USDC/cbBTC,0x0ba69825c4c033e72309f6ac0bde0023b15cc97c,1082976.17,960240.6,194.9792,88.6668,0.018004,0.020305
2026-04-05,WETH/EURC,0xb20f018dde5a6fe7f93c31da05a5da9efbc52772,383531.65,530837.2,124.7533,138.4077,0.032528,0.023501
2026-04-05,WETH/USDC,0x82dbe18346a8656dbb5e76f74bf3ae279cc16b29,719819.56,474000.48,167.4572,65.8499,0.023264,0.035328
2026-04-05,WETH/cbBTC,0x3f9b863ef4b295d6ba370215bcca3785fcc44f44,1873094.27,902217.41,181.2563,48.1672,0.009677,0.02009
2026-04-05,WETH/cbXRP,0xee58348059c9ad6ac345be79c399da0c200627ed,68323.19,5512.44,11.2295,8.0682,0.016436,0.203711
2026-04-06,USDC/cbBTC,0x0ba69825c4c033e72309f6ac0bde0023b15cc97c,1082116.43,1447864.27,558.0465,133.7993,0.05157,0.038543
2026-04-06,WETH/EURC,0xb20f018dde5a6fe7f93c31da05a5da9efbc52772,383059.82,818364.14,406.0275,213.6387,0.105996,0.049615
2026-04-06,WETH/USDC,0x82dbe18346a8656dbb5e76f74bf3ae279cc16b29,772982.65,183480.5,534.8445,23.7367,0.069192,0.291499
2026-04-06,WETH/cbBTC,0x3f9b863ef4b295d6ba370215bcca3785fcc44f44,1847726.19,1305108.2,282.6985,70.6332,0.0153,0.021661
2026-04-06,WETH/cbXRP,0xee58348059c9ad6ac345be79c399da0c200627ed,88194.24,11447.61,32.4772,12.98,0.036825,0.283702
2026-04-07,USDC/cbBTC,0x0ba69825c4c033e72309f6ac0bde0023b15cc97c,1157772.82,1826716.12,726.354,157.7785,0.062737,0.039763
2026-04-07,WETH/EURC,0xb20f018dde5a6fe7f93c31da05a5da9efbc52772,390052.07,995514.26,483.9087,255.226,0.124063,0.048609
2026-04-07,WETH/USDC,0x82dbe18346a8656dbb5e76f74bf3ae279cc16b29,753549.09,283075.66,678.4696,37.5657,0.090037,0.239678
2026-04-07,WETH/cbBTC,0x3f9b863ef4b295d6ba370215bcca3785fcc44f44,1963393.82,1458967.24,306.082,74.3084,0.015589,0.020979
2026-04-07,WETH/cbXRP,0xee58348059c9ad6ac345be79c399da0c200627ed,94124.35,18215.16,37.226,19.3522,0.03955,0.204368
2026-04-08,USDC/cbBTC,0x0ba69825c4c033e72309f6ac0bde0023b15cc97c,931490.05,1164981.85,465.9927,125.0665,0.050027,0.04
2026-04-08,WETH/EURC,0xb20f018dde5a6fe7f93c31da05a5da9efbc52772,387440.41,705215.99,334.7415,182.0192,0.086398,0.047467
2026-04-08,WETH/USDC,0x82dbe18346a8656dbb5e76f74bf3ae279cc16b29,779683.29,232708.6,465.3235,29.8466,0.059681,0.19996
2026-04-08,WETH/cbBTC,0x3f9b863ef4b295d6ba370215bcca3785fcc44f44,1960534.95,879998.53,330.4271,44.8856,0.016854,0.037549
2026-04-08,WETH/cbXRP,0xee58348059c9ad6ac345be79c399da0c200627ed,93084.15,1192.54,4.2452,1.2811,0.004561,0.355983
2026-04-09,USDC/cbBTC,0x0ba69825c4c033e72309f6ac0bde0023b15cc97c,934515.87,1472747.91,433.8791,157.5947,0.046428,0.029461
2026-04-09,WETH/EURC,0xb20f018dde5a6fe7f93c31da05a5da9efbc52772,388569.75,1408404.37,630.7221,362.4586,0.162319,0.044783
2026-04-09,WETH/USDC,0x82dbe18346a8656dbb5e76f74bf3ae279cc16b29,777374.49,306393.63,336.4753,39.4139,0.043284,0.109818
2026-04-09,WETH/cbBTC,0x3f9b863ef4b295d6ba370215bcca3785fcc44f44,1832527.84,809297.05,316.3648,44.1629,0.017264,0.039091
2026-04-09,WETH/cbXRP,0xee58348059c9ad6ac345be79c399da0c200627ed,91518.13,1918.44,3.9771,2.0962,0.004346,0.207309
2026-04-10,USDC/cbBTC,0x0ba69825c4c033e72309f6ac0bde0023b15cc97c,925274.95,959348.44,363.4769,103.6825,0.039283,0.037888
2026-04-10,WETH/EURC,0xb20f018dde5a6fe7f93c31da05a5da9efbc52772,390852.64,730884.27,267.6633,186.9974,0.068482,0.036622
2026-04-10,WETH/USDC,0x82dbe18346a8656dbb5e76f74bf3ae279cc16b29,811717.26,670511.26,319.4859,82.604,0.039359,0.047648
2026-04-10,WETH/cbBTC,0x3f9b863ef4b295d6ba370215bcca3785fcc44f44,1866738.95,1080289.5,239.277,57.8704,0.012818,0.022149
2026-04-10,WETH/cbXRP,0xee58348059c9ad6ac345be79c399da0c200627ed,93290.38,1960.54,4.0907,2.1015,0.004385,0.208651
2026-04-11,USDC/cbBTC,0x0ba69825c4c033e72309f6ac0bde0023b15cc97c,929709.31,574782.69,152.689,61.8239,0.016423,0.026565
2026-04-11,WETH/EURC,0xb20f018dde5a6fe7f93c31da05a5da9efbc52772,360619.61,225393.59,111.7176,62.5018,0.030979,0.049566
2026-04-11,WETH/USDC,0x82dbe18346a8656dbb5e76f74bf3ae279cc16b29,816874.99,472236.86,273.3407,57.8102,0.033462,0.057882
2026-04-11,WETH/cbBTC,0x3f9b863ef4b295d6ba370215bcca3785fcc44f44,1881957.57,1002861.85,216.8338,53.2882,0.011522,0.021622
2026-04-11,WETH/cbXRP,0xee58348059c9ad6ac345be79c399da0c200627ed,94959.88,1457.18,4.2697,1.5345,0.004496,0.293014
2026-04-12,USDC/cbBTC,0x0ba69825c4c033e72309f6ac0bde0023b15cc97c,916571.42,562635.47,151.3177,61.3848,0.016509,0.026894
2026-04-12,WETH/EURC,0xb20f018dde5a6fe7f93c31da05a5da9efbc52772,356148.5,501104.31,247.3143,140.7009,0.069441,0.049354
2026-04-12,WETH/USDC,0x82dbe18346a8656dbb5e76f74bf3ae279cc16b29,802850.5,682078.26,402.6048,84.9571,0.050147,0.059026
2026-04-12,WETH/cbBTC,0x3f9b863ef4b295d6ba370215bcca3785fcc44f44,1815631.39,839402.76,283.4214,46.232,0.01561,0.033765
2026-04-12,WETH/cbXRP,0xee58348059c9ad6ac345be79c399da0c200627ed,90702.27,4588.13,22.6746,5.0585,0.024999,0.4942
2026-04-13,USDC/cbBTC,0x0ba69825c4c033e72309f6ac0bde0023b15cc97c,929114.16,933911.2,356.7335,100.5163,0.038395,0.038198
2026-04-13,WETH/EURC,0xb20f018dde5a6fe7f93c31da05a5da9efbc52772,359905.5,532984.17,192.7758,148.09,0.053563,0.036169
2026-04-13,WETH/USDC,0x82dbe18346a8656dbb5e76f74bf3ae279cc16b29,702000.42,1061556.58,592.0805,151.2188,0.084342,0.055775
2026-04-13,WETH/cbBTC,0x3f9b863ef4b295d6ba370215bcca3785fcc44f44,1891653.36,1672862.53,337.2718,88.4339,0.017829,0.020161
2026-04-13,WETH/cbXRP,0xee58348059c9ad6ac345be79c399da0c200627ed,91304.2,6240.17,18.5906,6.8345,0.020361,0.297918
2026-04-14,USDC/cbBTC,0x0ba69825c4c033e72309f6ac0bde0023b15cc97c,797166.1,674749.1,269.8996,84.6435,0.033857,0.04
2026-04-14,WETH/EURC,0xb20f018dde5a6fe7f93c31da05a5da9efbc52772,359163.46,711235.79,354.0446,198.0257,0.098575,0.049779
2026-04-14,WETH/USDC,0x82dbe18346a8656dbb5e76f74bf3ae279cc16b29,601069.12,523006.33,322.2049,87.0127,0.053605,0.061606
2026-04-14,WETH/cbBTC,0x3f9b863ef4b295d6ba370215bcca3785fcc44f44,1859551.63,665852.02,260.8461,35.8071,0.014027,0.039175
2026-04-14,WETH/cbXRP,0xee58348059c9ad6ac345be79c399da0c200627ed,88645.11,2050.38,10.2519,2.313,0.011565,0.5
2026-04-15,USDC/cbBTC,0x0ba69825c4c033e72309f6ac0bde0023b15cc97c,844530.6,1267824.48,374.0946,150.1218,0.044296,0.029507
2026-04-15,WETH/EURC,0xb20f018dde5a6fe7f93c31da05a5da9efbc52772,360689.93,945152.76,466.7302,262.0402,0.129399,0.049381
2026-04-15,WETH/USDC,0x82dbe18346a8656dbb5e76f74bf3ae279cc16b29,617427.84,397910.6,230.4311,64.4465,0.037321,0.05791
2026-04-15,WETH/cbBTC,0x3f9b863ef4b295d6ba370215bcca3785fcc44f44,1804279.48,365094.7,127.0396,20.2349,0.007041,0.034796
2026-04-15,WETH/cbXRP,0xee58348059c9ad6ac345be79c399da0c200627ed,90514.71,9092.42,19.7926,10.0452,0.021867,0.217682
2026-04-16,USDC/cbBTC,0x0ba69825c4c033e72309f6ac0bde0023b15cc97c,836931.27,914390.85,211.1128,109.2552,0.025225,0.023088
2026-04-16,WETH/EURC,0xb20f018dde5a6fe7f93c31da05a5da9efbc52772,389003.51,943883.57,379.7094,242.6414,0.097611,0.040228
2026-04-16,WETH/USDC,0x82dbe18346a8656dbb5e76f74bf3ae279cc16b29,621855.44,489985.0,262.1264,78.794,0.042152,0.053497
2026-04-16,WETH/cbBTC,0x3f9b863ef4b295d6ba370215bcca3785fcc44f44,1805971.1,860271.77,179.9251,47.6349,0.009963,0.020915
2026-04-16,WETH/cbXRP,0xee58348059c9ad6ac345be79c399da0c200627ed,91497.1,17054.4,70.3581,18.6393,0.076897,0.412551
2026-04-17,USDC/cbBTC,0x0ba69825c4c033e72309f6ac0bde0023b15cc97c,838866.97,632317.69,186.6688,75.3776,0.022252,0.029521
2026-04-17,WETH/EURC,0xb20f018dde5a6fe7f93c31da05a5da9efbc52772,390375.22,1308086.37,420.766,335.0844,0.107785,0.032167
2026-04-17,WETH/USDC,0x82dbe18346a8656dbb5e76f74bf3ae279cc16b29,619175.43,718282.52,299.4848,116.0063,0.048368,0.041695
2026-04-17,WETH/cbBTC,0x3f9b863ef4b295d6ba370215bcca3785fcc44f44,1870917.72,1346081.69,275.7152,71.9477,0.014737,0.020483
2026-04-17,WETH/cbXRP,0xee58348059c9ad6ac345be79c399da0c200627ed,93141.14,7170.37,35.8518,7.6984,0.038492,0.5
2026-04-18,USDC/cbBTC,0x0ba69825c4c033e72309f6ac0bde0023b15cc97c,832188.11,662079.04,264.8316,79.5588,0.031824,0.04
2026-04-18,WETH/EURC,0xb20f018dde5a6fe7f93c31da05a5da9efbc52772,388047.4,496278.42,246.075,127.8912,0.063414,0.049584
2026-04-18,WETH/USDC,0x82dbe18346a8656dbb5e76f74bf3ae279cc16b29,618114.65,310607.69,182.8294,50.2508,0.029579,0.058862
2026-04-18,WETH/cbBTC,0x3f9b863ef4b295d6ba370215bcca3785fcc44f44,1862498.51,820921.52,176.4689,44.0764,0.009475,0.021496
2026-04-18,WETH/cbXRP,0xee58348059c9ad6ac345be79c399da0c200627ed,91195.86,12063.33,26.0332,13.2279,0.028546,0.215805
2026-04-19,USDC/cbBTC,0x0ba69825c4c033e72309f6ac0bde0023b15cc97c,824190.13,507034.02,197.111,61.5191,0.023916,0.038875
2026-04-19,WETH/EURC,0xb20f018dde5a6fe7f93c31da05a5da9efbc52772,382977.55,465421.19,230.5865,121.527,0.060209,0.049544
2026-04-19,WETH/USDC,0x82dbe18346a8656dbb5e76f74bf3ae279cc16b29,608062.73,457730.46,271.1971,75.2768,0.0446,0.059248
2026-04-19,WETH/cbBTC,0x3f9b863ef4b295d6ba370215bcca3785fcc44f44,1850667.99,1005966.29,217.946,54.3569,0.011777,0.021665
2026-04-19,WETH/cbXRP,0xee58348059c9ad6ac345be79c399da0c200627ed,87964.22,20090.86,42.072,22.8398,0.047828,0.209408
2026-04-20,USDC/cbBTC,0x0ba69825c4c033e72309f6ac0bde0023b15cc97c,832517.07,1247534.68,486.1011,149.8509,0.058389,0.038965
2026-04-20,WETH/EURC,0xb20f018dde5a6fe7f93c31da05a5da9efbc52772,386142.54,1533006.99,760.1779,397.0055,0.196865,0.049587
2026-04-20,WETH/USDC,0x82dbe18346a8656dbb5e76f74bf3ae279cc16b29,611767.44,580048.42,334.7111,94.8152,0.054712,0.057704
2026-04-20,WETH/cbBTC,0x3f9b863ef4b295d6ba370215bcca3785fcc44f44,1896384.62,1198850.55,251.3496,63.2177,0.013254,0.020966
2026-04-20,WETH/cbXRP,0xee58348059c9ad6ac345be79c399da0c200627ed,90096.64,10788.98,23.414,11.9749,0.025988,0.217017
2026-04-21,USDC/cbBTC,0x0ba69825c4c033e72309f6ac0bde0023b15cc97c,834621.8,663538.69,244.6292,79.5017,0.02931,0.036867
2026-04-21,WETH/EURC,0xb20f018dde5a6fe7f93c31da05a5da9efbc52772,385342.48,2217693.64,574.993,575.5124,0.149216,0.025928
2026-04-21,WETH/USDC,0x82dbe18346a8656dbb5e76f74bf3ae279cc16b29,617331.86,842578.38,220.5421,136.4871,0.035725,0.026175
2026-04-21,WETH/cbBTC,0x3f9b863ef4b295d6ba370215bcca3785fcc44f44,1893744.46,924095.32,186.0734,48.7973,0.009826,0.020136
2026-04-21,WETH/cbXRP,0xee58348059c9ad6ac345be79c399da0c200627ed,89934.07,1462.48,2.9463,1.6262,0.003276,0.20146
2026-04-22,USDC/cbBTC,0x0ba69825c4c033e72309f6ac0bde0023b15cc97c,652670.23,779089.22,258.6486,119.3695,0.039629,0.033199
2026-04-22,WETH/EURC,0xb20f018dde5a6fe7f93c31da05a5da9efbc52772,384973.2,329848.83,101.1953,85.681,0.026286,0.030679
2026-04-22,WETH/USDC,0x82dbe18346a8656dbb5e76f74bf3ae279cc16b29,620694.97,912798.88,258.1035,147.0608,0.041583,0.028276
2026-04-22,WETH/cbBTC,0x3f9b863ef4b295d6ba370215bcca3785fcc44f44,1936069.52,1271802.91,256.5936,65.6899,0.013253,0.020176
2026-04-22,WETH/cbXRP,0xee58348059c9ad6ac345be79c399da0c200627ed,92947.72,9486.25,23.8053,10.206,0.025612,0.250946
2026-04-23,USDC/cbBTC,0x0ba69825c4c033e72309f6ac0bde0023b15cc97c,652888.28,2061951.57,569.1218,315.82,0.08717,0.027601
2026-04-23,WETH/EURC,0xb20f018dde5a6fe7f93c31da05a5da9efbc52772,436159.33,1348799.48,651.5611,309.2447,0.149386,0.048307
2026-04-23,WETH/USDC,0x82dbe18346a8656dbb5e76f74bf3ae279cc16b29,551303.49,755180.89,202.4064,136.981,0.036714,0.026802
2026-04-23,WETH/cbBTC,0x3f9b863ef4b295d6ba370215bcca3785fcc44f44,1901127.34,974791.69,218.7883,51.2744,0.011508,0.022445
2026-04-23,WETH/cbXRP,0xee58348059c9ad6ac345be79c399da0c200627ed,89691.04,9478.54,41.629,10.568,0.046414,0.439193
2026-04-24,USDC/cbBTC,0x0ba69825c4c033e72309f6ac0bde0023b15cc97c,649065.73,1502353.19,262.1937,231.464,0.040396,0.017452
2026-04-24,WETH/EURC,0xb20f018dde5a6fe7f93c31da05a5da9efbc52772,436577.49,126245.12,55.6612,28.917,0.012749,0.04409
2026-04-24,WETH/USDC,0x82dbe18346a8656dbb5e76f74bf3ae279cc16b29,538950.95,616256.89,111.5396,114.3438,0.020696,0.0181
2026-04-24,WETH/cbBTC,0x3f9b863ef4b295d6ba370215bcca3785fcc44f44,1882874.05,530160.47,98.0882,28.157,0.005209,0.018502
2026-04-24,WETH/cbXRP,0xee58348059c9ad6ac345be79c399da0c200627ed,89388.89,114.26,0.4977,0.1278,0.000557,0.435562
2026-04-25,USDC/cbBTC,0x0ba69825c4c033e72309f6ac0bde0023b15cc97c,475362.97,289764.09,46.3777,60.9564,0.009756,0.016005
2026-04-25,WETH/EURC,0xb20f018dde5a6fe7f93c31da05a5da9efbc52772,309536.64,14677.48,2.872,4.7418,0.000928,0.019567
2026-04-25,WETH/USDC,0x82dbe18346a8656dbb5e76f74bf3ae279cc16b29,539387.8,293534.23,22.7011,54.4199,0.004209,0.007734
2026-04-25,WETH/cbBTC,0x3f9b863ef4b295d6ba370215bcca3785fcc44f44,1899123.23,124807.92,19.54,6.5719,0.001029,0.015656
2026-04-25,WETH/cbXRP,0xee58348059c9ad6ac345be79c399da0c200627ed,89910.73,408.46,0.884,0.4543,0.000983,0.216413
2026-04-26,USDC/cbBTC,0x0ba69825c4c033e72309f6ac0bde0023b15cc97c,477776.38,540554.85,98.7782,113.1397,0.020675,0.018273
2026-04-26,WETH/EURC,0xb20f018dde5a6fe7f93c31da05a5da9efbc52772,365299.44,443130.0,122.9996,121.306,0.033671,0.027757
2026-04-26,WETH/USDC,0x82dbe18346a8656dbb5e76f74bf3ae279cc16b29,541105.07,509118.9,72.7784,94.0887,0.01345,0.014295
2026-04-26,WETH/cbBTC,0x3f9b863ef4b295d6ba370215bcca3785fcc44f44,1897488.98,401224.12,105.7419,21.145,0.005573,0.026355
2026-04-26,WETH/cbXRP,0xee58348059c9ad6ac345be79c399da0c200627ed,91658.58,6354.64,13.9049,6.9329,0.01517,0.218815
2026-04-27,USDC/cbBTC,0x0ba69825c4c033e72309f6ac0bde0023b15cc97c,475230.12,511012.65,156.5849,107.5295,0.032949,0.030642
2026-04-27,WETH/EURC,0xb20f018dde5a6fe7f93c31da05a5da9efbc52772,363283.28,295235.46,143.684,81.2687,0.039552,0.048668
2026-04-27,WETH/USDC,0x82dbe18346a8656dbb5e76f74bf3ae279cc16b29,527613.91,487805.13,165.2719,92.4549,0.031324,0.033881
2026-04-27,WETH/cbBTC,0x3f9b863ef4b295d6ba370215bcca3785fcc44f44,1832808.0,427945.24,158.7596,23.3492,0.008662,0.037098
2026-04-27,WETH/cbXRP,0xee58348059c9ad6ac345be79c399da0c200627ed,88961.57,5562.3,23.381,6.2525,0.026282,0.420349
2026-04-28,USDC/cbBTC,0x0ba69825c4c033e72309f6ac0bde0023b15cc97c,472465.28,96919.88,31.9902,20.5137,0.006771,0.033007
2026-04-28,WETH/EURC,0xb20f018dde5a6fe7f93c31da05a5da9efbc52772,363756.4,154680.98,63.4655,42.5232,0.017447,0.04103
2026-04-28,WETH/USDC,0x82dbe18346a8656dbb5e76f74bf3ae279cc16b29,527304.62,335983.14,110.4474,63.7171,0.020946,0.032873
2026-04-28,WETH/cbBTC,0x3f9b863ef4b295d6ba370215bcca3785fcc44f44,1828031.99,339672.19,117.5919,18.5813,0.006433,0.034619
2026-04-28,WETH/cbXRP,0xee58348059c9ad6ac345be79c399da0c200627ed,88617.7,8144.89,16.5122,9.191,0.018633,0.202731
2026-04-29,USDC/cbBTC,0x0ba69825c4c033e72309f6ac0bde0023b15cc97c,430880.97,342746.27,98.4913,79.5455,0.022858,0.028736
2026-04-29,WETH/EURC,0xb20f018dde5a6fe7f93c31da05a5da9efbc52772,360766.97,473653.35,174.4951,131.2907,0.048368,0.03684
2026-04-29,WETH/USDC,0x82dbe18346a8656dbb5e76f74bf3ae279cc16b29,518350.96,666408.49,187.2209,128.5632,0.036119,0.028094
2026-04-29,WETH/cbBTC,0x3f9b863ef4b295d6ba370215bcca3785fcc44f44,1798570.01,776044.64,243.8674,43.1479,0.013559,0.031424
2026-04-29,WETH/cbXRP,0xee58348059c9ad6ac345be79c399da0c200627ed,86439.71,9601.44,24.8148,11.1077,0.028708,0.258449
2026-04-30,USDC/cbBTC,0x0ba69825c4c033e72309f6ac0bde0023b15cc97c,437153.14,297212.39,102.8976,67.9882,0.023538,0.034621
2026-04-30,WETH/EURC,0xb20f018dde5a6fe7f93c31da05a5da9efbc52772,360192.92,390752.67,190.1603,108.4843,0.052794,0.048665
2026-04-30,WETH/USDC,0x82dbe18346a8656dbb5e76f74bf3ae279cc16b29,586202.83,434991.79,144.4078,74.205,0.024634,0.033198
2026-04-30,WETH/cbBTC,0x3f9b863ef4b295d6ba370215bcca3785fcc44f44,1804297.39,293979.38,137.4307,16.2933,0.007617,0.046748
2026-04-30,WETH/cbXRP,0xee58348059c9ad6ac345be79c399da0c200627ed,87647.02,2629.69,10.8636,3.0003,0.012395,0.413113
2026-05-01,USDC/cbBTC,0x0ba69825c4c033e72309f6ac0bde0023b15cc97c,346710.51,319436.74,102.3417,92.1336,0.029518,0.032038
2026-05-01,WETH/EURC,0xb20f018dde5a6fe7f93c31da05a5da9efbc52772,361666.93,600586.6,162.8058,166.0607,0.045015,0.027108
2026-05-01,WETH/USDC,0x82dbe18346a8656dbb5e76f74bf3ae279cc16b29,587469.4,706820.88,144.4772,120.3162,0.024593,0.02044
2026-05-01,WETH/cbBTC,0x3f9b863ef4b295d6ba370215bcca3785fcc44f44,1845964.05,354210.68,92.9857,19.1884,0.005037,0.026252
2026-05-01,WETH/cbXRP,0xee58348059c9ad6ac345be79c399da0c200627ed,88792.59,5589.84,11.7663,6.2954,0.013251,0.210494
2026-05-02,USDC/cbBTC,0x0ba69825c4c033e72309f6ac0bde0023b15cc97c,381009.26,172324.16,43.3215,45.2283,0.01137,0.02514
2026-05-02,WETH/EURC,0xb20f018dde5a6fe7f93c31da05a5da9efbc52772,362811.87,125504.4,38.8974,34.5921,0.010721,0.030993
2026-05-02,WETH/USDC,0x82dbe18346a8656dbb5e76f74bf3ae279cc16b29,528959.64,303914.14,40.7326,57.4551,0.007701,0.013403
2026-05-02,WETH/cbBTC,0x3f9b863ef4b295d6ba370215bcca3785fcc44f44,1859150.72,165673.12,38.7082,8.9112,0.002082,0.023364
2026-05-02,WETH/cbXRP,0xee58348059c9ad6ac345be79c399da0c200627ed,89545.53,8340.9,16.8321,9.3147,0.018797,0.201802
2026-05-03,USDC/cbBTC,0x0ba69825c4c033e72309f6ac0bde0023b15cc97c,368022.5,410206.71,65.6702,111.4624,0.017844,0.016009
2026-05-03,WETH/EURC,0xb20f018dde5a6fe7f93c31da05a5da9efbc52772,363599.09,265217.92,53.4414,72.9424,0.014698,0.02015
2026-05-03,WETH/USDC,0x82dbe18346a8656dbb5e76f74bf3ae279cc16b29,524796.8,759089.89,70.995,144.6445,0.013528,0.009353
2026-05-03,WETH/cbBTC,0x3f9b863ef4b295d6ba370215bcca3785fcc44f44,1861606.18,323862.69,72.2697,17.3969,0.003882,0.022315
2026-05-03,WETH/cbXRP,0xee58348059c9ad6ac345be79c399da0c200627ed,90964.42,2702.29,5.4308,2.9707,0.00597,0.200971
2026-05-04,USDC/cbBTC,0x0ba69825c4c033e72309f6ac0bde0023b15cc97c,439763.51,682157.1,239.8957,155.1191,0.054551,0.035167
2026-05-04,WETH/EURC,0xb20f018dde5a6fe7f93c31da05a5da9efbc52772,363568.71,578094.88,262.4487,159.0057,0.072187,0.045399
2026-05-04,WETH/USDC,0x82dbe18346a8656dbb5e76f74bf3ae279cc16b29,477274.62,815533.84,216.2781,170.8731,0.045315,0.02652
2026-05-04,WETH/cbBTC,0x3f9b863ef4b295d6ba370215bcca3785fcc44f44,1886153.25,864543.77,233.1502,45.8363,0.012361,0.026968
2026-05-04,WETH/cbXRP,0xee58348059c9ad6ac345be79c399da0c200627ed,67926.21,13193.63,27.5875,19.4235,0.040614,0.209097
2026-05-05,USDC/cbBTC,0x0ba69825c4c033e72309f6ac0bde0023b15cc97c,443349.3,79987.57,25.7283,18.0417,0.005803,0.032165
2026-05-05,WETH/EURC,0xb20f018dde5a6fe7f93c31da05a5da9efbc52772,213184.93,49176.02,14.6744,23.0673,0.006883,0.029841
2026-05-05,WETH/USDC,0x82dbe18346a8656dbb5e76f74bf3ae279cc16b29,482672.92,600292.03,112.4717,124.3683,0.023302,0.018736
2026-05-05,WETH/cbBTC,0x3f9b863ef4b295d6ba370215bcca3785fcc44f44,1926693.02,495311.23,151.1738,25.7078,0.007846,0.030521
2026-05-05,WETH/cbXRP,0xee58348059c9ad6ac345be79c399da0c200627ed,68037.09,5170.64,10.6767,7.5997,0.015692,0.206487
2026-05-06,USDC/cbBTC,0x0ba69825c4c033e72309f6ac0bde0023b15cc97c,439441.4,641645.92,146.2724,146.014,0.033286,0.022796
2026-05-06,WETH/EURC,0xb20f018dde5a6fe7f93c31da05a5da9efbc52772,215304.39,458406.25,121.4019,212.9108,0.056386,0.026483
2026-05-06,WETH/USDC,0x82dbe18346a8656dbb5e76f74bf3ae279cc16b29,474675.2,1053785.6,173.9709,222.0014,0.036651,0.016509
2026-05-06,WETH/cbBTC,0x3f9b863ef4b295d6ba370215bcca3785fcc44f44,1928008.29,710099.2,202.8109,36.8307,0.010519,0.028561
2026-05-06,WETH/cbXRP,0xee58348059c9ad6ac345be79c399da0c200627ed,67870.07,6863.51,21.5269,10.1127,0.031718,0.313642
2026-05-07,USDC/cbBTC,0x0ba69825c4c033e72309f6ac0bde0023b15cc97c,433891.9,791838.71,144.2027,182.4968,0.033235,0.018211
2026-05-07,WETH/EURC,0xb20f018dde5a6fe7f93c31da05a5da9efbc52772,213434.82,55366.0,26.5104,25.9405,0.012421,0.047882
2026-05-07,WETH/USDC,0x82dbe18346a8656dbb5e76f74bf3ae279cc16b29,470040.98,809822.75,232.6811,172.2877,0.049502,0.028732
2026-05-07,WETH/cbBTC,0x3f9b863ef4b295d6ba370215bcca3785fcc44f44,1888898.78,313251.61,96.3996,16.5838,0.005103,0.030774
2026-05-07,WETH/cbXRP,0xee58348059c9ad6ac345be79c399da0c200627ed,66383.17,1555.86,5.2985,2.3438,0.007982,0.340547
2026-05-08,USDC/cbBTC,0x0ba69825c4c033e72309f6ac0bde0023b15cc97c,427662.72,312716.97,118.5003,73.1223,0.027709,0.037894
2026-05-08,WETH/EURC,0xb20f018dde5a6fe7f93c31da05a5da9efbc52772,214456.24,492246.82,220.1427,229.5325,0.102652,0.044722
2026-05-08,WETH/USDC,0x82dbe18346a8656dbb5e76f74bf3ae279cc16b29,468641.29,491944.48,166.7031,104.9725,0.035572,0.033887
2026-05-08,WETH/cbBTC,0x3f9b863ef4b295d6ba370215bcca3785fcc44f44,1897261.41,310860.24,80.4713,16.3847,0.004241,0.025887
2026-05-08,WETH/cbXRP,0xee58348059c9ad6ac345be79c399da0c200627ed,66979.88,3527.07,7.1094,5.2659,0.010614,0.201568
2026-05-09,USDC/cbBTC,0x0ba69825c4c033e72309f6ac0bde0023b15cc97c,428866.68,282470.59,45.7917,65.8644,0.010677,0.016211
2026-05-09,WETH/EURC,0xb20f018dde5a6fe7f93c31da05a5da9efbc52772,214654.97,219405.87,60.6224,102.2133,0.028242,0.02763
2026-05-09,WETH/USDC,0x82dbe18346a8656dbb5e76f74bf3ae279cc16b29,476106.16,420887.33,94.8778,88.402,0.019928,0.022542
2026-05-09,WETH/cbBTC,0x3f9b863ef4b295d6ba370215bcca3785fcc44f44,1912842.38,153649.48,29.145,8.0325,0.001524,0.018969
2026-05-09,WETH/cbXRP,0xee58348059c9ad6ac345be79c399da0c200627ed,67291.95,635.88,2.3096,0.945,0.003432,0.36322
2026-05-10,USDC/cbBTC,0x0ba69825c4c033e72309f6ac0bde0023b15cc97c,434675.44,755926.15,126.5734,173.9059,0.029119,0.016744
2026-05-10,WETH/EURC,0xb20f018dde5a6fe7f93c31da05a5da9efbc52772,215051.9,668156.4,142.0565,310.6954,0.066057,0.021261
2026-05-10,WETH/USDC,0x82dbe18346a8656dbb5e76f74bf3ae279cc16b29,475994.29,959426.9,98.202,201.5627,0.020631,0.010235
2026-05-10,WETH/cbBTC,0x3f9b863ef4b295d6ba370215bcca3785fcc44f44,1940151.4,587215.1,137.6902,30.2665,0.007097,0.023448
2026-05-10,WETH/cbXRP,0xee58348059c9ad6ac345be79c399da0c200627ed,69305.71,8436.88,33.7032,12.1734,0.04863,0.399475
2026-05-11,USDC/cbBTC,0x0ba69825c4c033e72309f6ac0bde0023b15cc97c,434107.92,1068560.01,210.3544,246.1508,0.048457,0.019686
2026-05-11,WETH/EURC,0xb20f018dde5a6fe7f93c31da05a5da9efbc52772,214956.56,509302.73,190.1786,236.9329,0.088473,0.037341
2026-05-11,WETH/USDC,0x82dbe18346a8656dbb5e76f74bf3ae279cc16b29,469297.59,722143.25,150.6723,153.8775,0.032106,0.020865
2026-05-11,WETH/cbBTC,0x3f9b863ef4b295d6ba370215bcca3785fcc44f44,1924415.9,391325.0,77.6779,20.3347,0.004036,0.01985
2026-05-11,WETH/cbXRP,0xee58348059c9ad6ac345be79c399da0c200627ed,68426.41,7768.22,38.6614,11.3527,0.056501,0.497687
2026-05-12,USDC/cbBTC,0x0ba69825c4c033e72309f6ac0bde0023b15cc97c,433939.47,772342.04,134.3141,177.9838,0.030952,0.01739
2026-05-12,WETH/EURC,0xb20f018dde5a6fe7f93c31da05a5da9efbc52772,213075.03,365873.02,101.1759,171.7109,0.047484,0.027653
2026-05-12,WETH/USDC,0x82dbe18346a8656dbb5e76f74bf3ae279cc16b29,462779.11,810970.05,133.3999,175.2391,0.028826,0.016449
2026-05-12,WETH/cbBTC,0x3f9b863ef4b295d6ba370215bcca3785fcc44f44,1893159.67,274646.21,52.6867,14.5073,0.002783,0.019183
2026-05-12,WETH/cbXRP,0xee58348059c9ad6ac345be79c399da0c200627ed,66092.47,3090.86,15.1071,4.6766,0.022857,0.488766
2026-05-13,USDC/cbBTC,0x0ba69825c4c033e72309f6ac0bde0023b15cc97c,430842.95,310313.92,73.6502,72.0248,0.017094,0.023734
2026-05-13,WETH/EURC,0xb20f018dde5a6fe7f93c31da05a5da9efbc52772,212246.45,140180.0,69.2646,66.0459,0.032634,0.049411
2026-05-13,WETH/USDC,0x82dbe18346a8656dbb5e76f74bf3ae279cc16b29,455001.58,505452.19,166.7415,111.088,0.036646,0.032989
2026-05-13,WETH/cbBTC,0x3f9b863ef4b295d6ba370215bcca3785fcc44f44,1871071.8,397738.4,115.6072,21.2572,0.006179,0.029066
2026-05-13,WETH/cbXRP,0xee58348059c9ad6ac345be79c399da0c200627ed,65826.05,6212.91,13.0723,9.4384,0.019859,0.210406
2026-05-14,USDC/cbBTC,0x0ba69825c4c033e72309f6ac0bde0023b15cc97c,402713.97,521760.07,247.9211,129.561,0.061563,0.047516
2026-05-14,WETH/EURC,0xb20f018dde5a6fe7f93c31da05a5da9efbc52772,212335.12,314240.27,155.5369,147.9926,0.073251,0.049496
2026-05-14,WETH/USDC,0x82dbe18346a8656dbb5e76f74bf3ae279cc16b29,438358.27,573229.38,198.527,130.7673,0.045289,0.034633
2026-05-14,WETH/cbBTC,0x3f9b863ef4b295d6ba370215bcca3785fcc44f44,1890875.36,415144.98,118.5095,21.9552,0.006267,0.028547
2026-05-14,WETH/cbXRP,0xee58348059c9ad6ac345be79c399da0c200627ed,67146.28,5755.66,19.548,8.5718,0.029112,0.33963
2026-05-15,USDC/cbBTC,0x0ba69825c4c033e72309f6ac0bde0023b15cc97c,403922.51,399455.04,199.7275,98.894,0.049447,0.05
2026-05-15,WETH/EURC,0xb20f018dde5a6fe7f93c31da05a5da9efbc52772,210015.7,177048.75,88.5244,84.3026,0.042151,0.05
2026-05-15,WETH/USDC,0x82dbe18346a8656dbb5e76f74bf3ae279cc16b29,430829.86,258945.48,88.6518,60.1039,0.020577,0.034236
2026-05-15,WETH/cbBTC,0x3f9b863ef4b295d6ba370215bcca3785fcc44f44,1840669.29,773924.48,320.6086,42.0458,0.017418,0.041426
2026-05-15,WETH/cbXRP,0xee58348059c9ad6ac345be79c399da0c200627ed,65205.54,2284.73,11.4237,3.5039,0.017519,0.5
2026-05-16,USDC/cbBTC,0x0ba69825c4c033e72309f6ac0bde0023b15cc97c,401988.65,112882.02,56.4273,28.0809,0.014037,0.049988
2026-05-16,WETH/EURC,0xb20f018dde5a6fe7f93c31da05a5da9efbc52772,208442.2,46771.25,23.3856,22.4385,0.011219,0.05
2026-05-16,WETH/USDC,0x82dbe18346a8656dbb5e76f74bf3ae279cc16b29,417965.47,84069.3,27.6696,20.1139,0.00662,0.032913
2026-05-16,WETH/cbBTC,0x3f9b863ef4b295d6ba370215bcca3785fcc44f44,1808775.96,462766.07,144.6613,25.5845,0.007998,0.03126
2026-05-16,WETH/cbXRP,0xee58348059c9ad6ac345be79c399da0c200627ed,64069.7,9553.51,21.5038,14.9111,0.033563,0.225087
2026-05-17,USDC/cbBTC,0x0ba69825c4c033e72309f6ac0bde0023b15cc97c,400188.19,182795.6,44.7172,45.6774,0.011174,0.024463
2026-05-17,WETH/EURC,0xb20f018dde5a6fe7f93c31da05a5da9efbc52772,211585.01,67217.34,26.4448,31.7685,0.012498,0.039342
2026-05-17,WETH/USDC,0x82dbe18346a8656dbb5e76f74bf3ae279cc16b29,413786.16,30011.11,5.6487,7.2528,0.001365,0.018822
2026-05-17,WETH/cbBTC,0x3f9b863ef4b295d6ba370215bcca3785fcc44f44,1790217.39,353690.44,109.4387,19.7568,0.006113,0.030942
2026-05-17,WETH/cbXRP,0xee58348059c9ad6ac345be79c399da0c200627ed,61477.58,7610.37,15.4291,12.3791,0.025097,0.202738
2026-05-18,USDC/cbBTC,0x0ba69825c4c033e72309f6ac0bde0023b15cc97c,398813.87,177739.84,65.0181,44.5671,0.016303,0.03658
2026-05-18,WETH/EURC,0xb20f018dde5a6fe7f93c31da05a5da9efbc52772,212040.45,511446.06,251.0423,241.2021,0.118394,0.049085
2026-05-18,WETH/USDC,0x82dbe18346a8656dbb5e76f74bf3ae279cc16b29,410117.54,470845.25,151.6638,114.8074,0.036981,0.032211
2026-05-18,WETH/cbBTC,0x3f9b863ef4b295d6ba370215bcca3785fcc44f44,1769722.43,436489.58,310.8323,24.6643,0.017564,0.071212
2026-05-18,WETH/cbXRP,0xee58348059c9ad6ac345be79c399da0c200627ed,71951.78,2644.81,10.022,3.6758,0.013929,0.378932
2026-05-19,USDC/cbBTC,0x0ba69825c4c033e72309f6ac0bde0023b15cc97c,420045.49,239256.34,50.5072,56.9596,0.012024,0.02111
2026-05-19,WETH/EURC,0xb20f018dde5a6fe7f93c31da05a5da9efbc52772,210964.18,537442.83,227.8503,254.7555,0.108004,0.042395
2026-05-19,WETH/USDC,0x82dbe18346a8656dbb5e76f74bf3ae279cc16b29,401971.69,507689.15,132.3605,126.2997,0.032928,0.026071
2026-05-19,WETH/cbBTC,0x3f9b863ef4b295d6ba370215bcca3785fcc44f44,1774732.83,1379540.81,135.0444,77.7323,0.007609,0.009789
2026-05-19,WETH/cbXRP,0xee58348059c9ad6ac345be79c399da0c200627ed,70854.84,4936.33,10.5199,6.9668,0.014847,0.213111
2026-05-20,USDC/cbBTC,0x0ba69825c4c033e72309f6ac0bde0023b15cc97c,400122.19,835497.39,155.3978,208.8106,0.038838,0.018599
2026-05-20,WETH/EURC,0xb20f018dde5a6fe7f93c31da05a5da9efbc52772,211666.53,725295.5,150.0833,342.6595,0.070906,0.020693
2026-05-20,WETH/USDC,0x82dbe18346a8656dbb5e76f74bf3ae279cc16b29,411233.35,569713.33,55.063,138.5377,0.01339,0.009665
2026-05-20,WETH/cbBTC,0x3f9b863ef4b295d6ba370215bcca3785fcc44f44,1789986.1,2221107.73,195.2786,124.0852,0.01091,0.008792
2026-05-20,WETH/cbXRP,0xee58348059c9ad6ac345be79c399da0c200627ed,71749.66,2272.62,5.6799,3.1674,0.007916,0.249927
2026-05-21,USDC/cbBTC,0x0ba69825c4c033e72309f6ac0bde0023b15cc97c,423251.82,950092.99,141.4401,224.4746,0.033417,0.014887
2026-05-21,WETH/EURC,0xb20f018dde5a6fe7f93c31da05a5da9efbc52772,211548.18,839389.77,172.4223,396.7842,0.081505,0.020541
2026-05-21,WETH/USDC,0x82dbe18346a8656dbb5e76f74bf3ae279cc16b29,411671.31,1698774.31,174.7807,412.6531,0.042456,0.010289
2026-05-21,WETH/cbBTC,0x3f9b863ef4b295d6ba370215bcca3785fcc44f44,1787190.59,3392096.56,204.5447,189.8005,0.011445,0.00603
2026-05-21,WETH/cbXRP,0xee58348059c9ad6ac345be79c399da0c200627ed,81792.6,6323.05,12.6827,7.7306,0.015506,0.200579
2026-05-22,USDC/cbBTC,0x0ba69825c4c033e72309f6ac0bde0023b15cc97c,398875.38,874208.32,57.4343,219.1683,0.014399,0.00657
2026-05-22,WETH/EURC,0xb20f018dde5a6fe7f93c31da05a5da9efbc52772,211185.73,348372.49,69.8538,164.9602,0.033077,0.020051
2026-05-22,WETH/USDC,0x82dbe18346a8656dbb5e76f74bf3ae279cc16b29,412919.86,1818608.29,147.1644,440.4264,0.03564,0.008092
2026-05-22,WETH/cbBTC,0x3f9b863ef4b295d6ba370215bcca3785fcc44f44,1774299.2,2402996.83,136.9329,135.4336,0.007718,0.005698
2026-05-22,WETH/cbXRP,0xee58348059c9ad6ac345be79c399da0c200627ed,82517.59,3925.55,7.9113,4.7572,0.009587,0.201534
2026-05-23,USDC/cbBTC,0x0ba69825c4c033e72309f6ac0bde0023b15cc97c,398150.4,167095.59,14.6985,41.968,0.003692,0.008796
2026-05-23,WETH/EURC,0xb20f018dde5a6fe7f93c31da05a5da9efbc52772,209632.34,95093.1,47.4601,45.3618,0.02264,0.049909
2026-05-23,WETH/USDC,0x82dbe18346a8656dbb5e76f74bf3ae279cc16b29,398364.59,499125.33,46.5383,125.2936,0.011682,0.009324
2026-05-23,WETH/cbBTC,0x3f9b863ef4b295d6ba370215bcca3785fcc44f44,1730147.05,1019316.24,75.8968,58.915,0.004387,0.007446
2026-05-23,WETH/cbXRP,0xee58348059c9ad6ac345be79c399da0c200627ed,79692.84,13088.54,28.3574,16.4237,0.035583,0.216658
2026-05-24,USDC/cbBTC,0x0ba69825c4c033e72309f6ac0bde0023b15cc97c,398710.51,687951.45,64.686,172.5441,0.016224,0.009403
2026-05-24,WETH/EURC,0xb20f018dde5a6fe7f93c31da05a5da9efbc52772,210908.45,157324.09,78.1094,74.5935,0.037035,0.049649
2026-05-24,WETH/USDC,0x82dbe18346a8656dbb5e76f74bf3ae279cc16b29,406199.81,403087.45,33.0906,99.2338,0.008146,0.008209
2026-05-24,WETH/cbBTC,0x3f9b863ef4b295d6ba370215bcca3785fcc44f44,1739781.2,1400283.88,172.3749,80.4862,0.009908,0.01231
2026-05-24,WETH/cbXRP,0xee58348059c9ad6ac345be79c399da0c200627ed,80536.18,650.4,1.8942,0.8076,0.002352,0.29123
2026-05-25,USDC/cbBTC,0x0ba69825c4c033e72309f6ac0bde0023b15cc97c,271797.65,782334.94,72.2022,287.8373,0.026565,0.009229
2026-05-25,WETH/EURC,0xb20f018dde5a6fe7f93c31da05a5da9efbc52772,211778.47,224935.93,97.5583,106.2128,0.046066,0.043372
2026-05-25,WETH/USDC,0x82dbe18346a8656dbb5e76f74bf3ae279cc16b29,404976.89,309676.2,23.1046,76.4676,0.005705,0.007461
2026-05-25,WETH/cbBTC,0x3f9b863ef4b295d6ba370215bcca3785fcc44f44,1789677.24,256131.56,20.6258,14.3116,0.001152,0.008053
2026-05-25,WETH/cbXRP,0xee58348059c9ad6ac345be79c399da0c200627ed,81632.78,4554.22,9.1348,5.5789,0.01119,0.200578
2026-05-26,USDC/cbBTC,0x0ba69825c4c033e72309f6ac0bde0023b15cc97c,351700.37,1876173.33,166.5389,533.4579,0.047352,0.008877
2026-05-26,WETH/EURC,0xb20f018dde5a6fe7f93c31da05a5da9efbc52772,199405.55,609303.85,190.9081,305.5601,0.095739,0.031332
2026-05-26,WETH/USDC,0x82dbe18346a8656dbb5e76f74bf3ae279cc16b29,402907.28,1883575.61,154.7195,467.496,0.038401,0.008214
2026-05-26,WETH/cbBTC,0x3f9b863ef4b295d6ba370215bcca3785fcc44f44,1721511.39,1488269.32,87.2076,86.4513,0.005066,0.00586
2026-05-26,WETH/cbXRP,0xee58348059c9ad6ac345be79c399da0c200627ed,79865.17,5074.11,10.2162,6.3533,0.012792,0.20134
2026-05-27,USDC/cbBTC,0x0ba69825c4c033e72309f6ac0bde0023b15cc97c,350953.03,772830.0,66.6177,220.209,0.018982,0.00862
2026-05-27,WETH/EURC,0xb20f018dde5a6fe7f93c31da05a5da9efbc52772,199186.73,383539.05,186.2918,192.5525,0.093526,0.048572
2026-05-27,WETH/USDC,0x82dbe18346a8656dbb5e76f74bf3ae279cc16b29,385050.64,1614651.72,142.3554,419.3349,0.036971,0.008816
2026-05-27,WETH/cbBTC,0x3f9b863ef4b295d6ba370215bcca3785fcc44f44,1745401.8,1038468.14,63.9679,59.4974,0.003665,0.00616
2026-05-27,WETH/cbXRP,0xee58348059c9ad6ac345be79c399da0c200627ed,79021.04,5480.69,11.0854,6.9357,0.014028,0.202263
2026-05-28,USDC/cbBTC,0x0ba69825c4c033e72309f6ac0bde0023b15cc97c,519770.37,788160.32,67.6624,151.6363,0.013018,0.008585
2026-05-28,WETH/EURC,0xb20f018dde5a6fe7f93c31da05a5da9efbc52772,197746.55,145183.07,71.3623,73.4188,0.036088,0.049153
2026-05-28,WETH/USDC,0x82dbe18346a8656dbb5e76f74bf3ae279cc16b29,419071.26,2927337.34,263.3289,698.5297,0.062836,0.008996
2026-05-28,WETH/cbBTC,0x3f9b863ef4b295d6ba370215bcca3785fcc44f44,1548512.23,1100904.57,102.2498,71.0943,0.006603,0.009288
2026-05-28,WETH/cbXRP,0xee58348059c9ad6ac345be79c399da0c200627ed,75946.44,24017.91,50.0252,31.6248,0.065869,0.208283
2026-05-29,USDC/cbBTC,0x0ba69825c4c033e72309f6ac0bde0023b15cc97c,510649.55,1394830.66,107.2948,273.1483,0.021011,0.007692
2026-05-29,WETH/EURC,0xb20f018dde5a6fe7f93c31da05a5da9efbc52772,196677.9,341561.26,108.3299,173.6653,0.05508,0.031716
2026-05-29,WETH/USDC,0x82dbe18346a8656dbb5e76f74bf3ae279cc16b29,483164.17,2882233.62,240.5326,596.533,0.049783,0.008345
2026-05-29,WETH/cbBTC,0x3f9b863ef4b295d6ba370215bcca3785fcc44f44,1589011.63,2160671.75,233.1935,135.9758,0.014675,0.010793
2026-05-29,WETH/cbXRP,0xee58348059c9ad6ac345be79c399da0c200627ed,79009.64,2658.32,10.4582,3.3646,0.013237,0.393414
2026-05-30,USDC/cbBTC,0x0ba69825c4c033e72309f6ac0bde0023b15cc97c,502912.19,624364.93,49.5455,124.1499,0.009852,0.007935
2026-05-30,WETH/EURC,0xb20f018dde5a6fe7f93c31da05a5da9efbc52772,196414.2,17311.13,3.5131,8.8136,0.001789,0.020294
2026-05-30,WETH/USDC,0x82dbe18346a8656dbb5e76f74bf3ae279cc16b29,482613.06,622181.71,46.4913,128.9194,0.009633,0.007472
2026-05-30,WETH/cbBTC,0x3f9b863ef4b295d6ba370215bcca3785fcc44f44,1575035.14,1312697.58,72.2835,83.344,0.004589,0.005506
2026-05-30,WETH/cbXRP,0xee58348059c9ad6ac345be79c399da0c200627ed,38605.56,3130.65,11.4768,8.1093,0.029728,0.366595
2026-05-31,USDC/cbBTC,0x0ba69825c4c033e72309f6ac0bde0023b15cc97c,502561.62,738675.26,61.19,146.982,0.012176,0.008284
2026-05-31,WETH/EURC,0xb20f018dde5a6fe7f93c31da05a5da9efbc52772,195799.09,72727.57,14.5804,37.144,0.007447,0.020048
2026-05-31,WETH/USDC,0x82dbe18346a8656dbb5e76f74bf3ae279cc16b29,482447.51,471063.71,31.5389,97.6404,0.006537,0.006695
2026-05-31,WETH/cbBTC,0x3f9b863ef4b295d6ba370215bcca3785fcc44f44,1583316.84,1744283.28,89.1382,110.1664,0.00563,0.00511
2026-05-31,WETH/cbXRP,0xee58348059c9ad6ac345be79c399da0c200627ed,78840.58,3857.36,11.7877,4.8926,0.014951,0.305591
2026-06-01,USDC/cbBTC,0x0ba69825c4c033e72309f6ac0bde0023b15cc97c,451682.84,1637723.34,129.2939,362.5826,0.028625,0.007895
2026-06-01,WETH/EURC,0xb20f018dde5a6fe7f93c31da05a5da9efbc52772,195124.08,305228.73,116.595,156.428,0.059754,0.038199
2026-06-01,WETH/USDC,0x82dbe18346a8656dbb5e76f74bf3ae279cc16b29,545397.88,4033424.78,345.2799,739.538,0.063308,0.00856
2026-06-01,WETH/cbBTC,0x3f9b863ef4b295d6ba370215bcca3785fcc44f44,1554654.16,2341164.83,266.3567,150.5907,0.017133,0.011377
2026-06-01,WETH/cbXRP,0xee58348059c9ad6ac345be79c399da0c200627ed,77673.1,6291.16,13.1894,8.0995,0.016981,0.209649
2026-06-02,USDC/cbBTC,0x0ba69825c4c033e72309f6ac0bde0023b15cc97c,503768.47,1196799.91,100.092,237.5694,0.019869,0.008363
2026-06-02,WETH/EURC,0xb20f018dde5a6fe7f93c31da05a5da9efbc52772,191786.31,296730.89,125.228,154.7195,0.065296,0.042203
2026-06-02,WETH/USDC,0x82dbe18346a8656dbb5e76f74bf3ae279cc16b29,527621.24,2961955.95,258.887,561.3792,0.049067,0.00874
2026-06-02,WETH/cbBTC,0x3f9b863ef4b295d6ba370215bcca3785fcc44f44,1492862.49,1192419.73,246.3258,79.8747,0.0165,0.020658
2026-06-02,WETH/cbXRP,0xee58348059c9ad6ac345be79c399da0c200627ed,74407.42,60750.57,286.3037,81.6459,0.384778,0.471277
2026-06-03,USDC/cbBTC,0x0ba69825c4c033e72309f6ac0bde0023b15cc97c,460346.8,3141189.22,251.2146,682.3528,0.054571,0.007997
2026-06-03,WETH/EURC,0xb20f018dde5a6fe7f93c31da05a5da9efbc52772,187944.83,373655.28,185.194,198.8112,0.098536,0.049563
2026-06-03,WETH/USDC,0x82dbe18346a8656dbb5e76f74bf3ae279cc16b29,518804.01,4217503.18,346.1581,812.928,0.066722,0.008208
2026-06-03,WETH/cbBTC,0x3f9b863ef4b295d6ba370215bcca3785fcc44f44,1439602.64,4042704.47,797.2642,280.8209,0.055381,0.019721
2026-06-03,WETH/cbXRP,0xee58348059c9ad6ac345be79c399da0c200627ed,71767.04,9466.98,41.7182,13.1913,0.05813,0.440671
2026-06-04,USDC/cbBTC,0x0ba69825c4c033e72309f6ac0bde0023b15cc97c,287880.01,4259259.58,401.8052,1479.526,0.139574,0.009434
2026-06-04,WETH/EURC,0xb20f018dde5a6fe7f93c31da05a5da9efbc52772,185222.46,799131.12,399.0279,431.444,0.215432,0.049933
2026-06-04,WETH/USDC,0x82dbe18346a8656dbb5e76f74bf3ae279cc16b29,488052.89,5107440.8,460.8588,1046.4933,0.094428,0.009023
2026-06-04,WETH/cbBTC,0x3f9b863ef4b295d6ba370215bcca3785fcc44f44,1387159.35,4280534.03,669.9869,308.5827,0.048299,0.015652
2026-06-04,WETH/cbXRP,0xee58348059c9ad6ac345be79c399da0c200627ed,69405.37,81900.37,228.5884,118.0029,0.329353,0.279105
2026-06-05,USDC/cbBTC,0x0ba69825c4c033e72309f6ac0bde0023b15cc97c,283395.45,3534182.18,321.0788,1247.085,0.113297,0.009085
2026-06-05,WETH/EURC,0xb20f018dde5a6fe7f93c31da05a5da9efbc52772,177628.8,758689.79,379.1532,427.1209,0.213453,0.049975
2026-06-05,WETH/USDC,0x82dbe18346a8656dbb5e76f74bf3ae279cc16b29,539273.08,6538055.7,637.4873,1212.3831,0.118212,0.00975
2026-06-05,WETH/cbBTC,0x3f9b863ef4b295d6ba370215bcca3785fcc44f44,1302005.77,4773603.56,658.0981,366.6346,0.050545,0.013786
2026-06-05,WETH/cbXRP,0xee58348059c9ad6ac345be79c399da0c200627ed,65093.69,111642.27,167.0905,171.5101,0.256692,0.149666
2026-06-06,USDC/cbBTC,0x0ba69825c4c033e72309f6ac0bde0023b15cc97c,281540.64,2304153.13,200.5208,818.4087,0.071223,0.008703
2026-06-06,WETH/EURC,0xb20f018dde5a6fe7f93c31da05a5da9efbc52772,175102.79,763900.02,389.4659,436.2581,0.222421,0.050984
2026-06-06,WETH/USDC,0x82dbe18346a8656dbb5e76f74bf3ae279cc16b29,508346.83,4877226.76,774.2392,959.429,0.152305,0.015875
2026-06-06,WETH/cbBTC,0x3f9b863ef4b295d6ba370215bcca3785fcc44f44,1246188.92,2569950.91,361.1083,206.2248,0.028977,0.014051
2026-06-06,WETH/cbXRP,0xee58348059c9ad6ac345be79c399da0c200627ed,63673.67,26684.65,95.1422,41.9085,0.149422,0.356543
2026-06-07,USDC/cbBTC,0x0ba69825c4c033e72309f6ac0bde0023b15cc97c,281344.05,1658030.13,149.6727,589.3247,0.053199,0.009027
2026-06-07,WETH/EURC,0xb20f018dde5a6fe7f93c31da05a5da9efbc52772,175482.96,316308.33,157.3877,180.2502,0.089688,0.049758
2026-06-07,WETH/USDC,0x82dbe18346a8656dbb5e76f74bf3ae279cc16b29,524312.59,2567820.85,240.4485,489.75,0.04586,0.009364
2026-06-07,WETH/cbBTC,0x3f9b863ef4b295d6ba370215bcca3785fcc44f44,1311446.8,2106265.07,317.9991,160.6062,0.024248,0.015098
2026-06-07,WETH/cbXRP,0xee58348059c9ad6ac345be79c399da0c200627ed,66334.71,3777.31,6.4345,5.6943,0.0097,0.170346
2026-06-08,USDC/cbBTC,0x0ba69825c4c033e72309f6ac0bde0023b15cc97c,280680.82,1194581.03,111.537,425.6012,0.039738,0.009337
2026-06-08,WETH/EURC,0xb20f018dde5a6fe7f93c31da05a5da9efbc52772,114197.23,356717.51,177.1903,312.3697,0.155162,0.049672
2026-06-08,WETH/USDC,0x82dbe18346a8656dbb5e76f74bf3ae279cc16b29,534846.96,4530567.66,440.8887,847.0774,0.082433,0.009731
2026-06-08,WETH/cbBTC,0x3f9b863ef4b295d6ba370215bcca3785fcc44f44,1346095.76,2784863.91,362.7227,206.8845,0.026946,0.013025
2026-06-08,WETH/cbXRP,0xee58348059c9ad6ac345be79c399da0c200627ed,66636.55,6373.94,4.2539,9.5652,0.006384,0.066739
2026-06-09,USDC/cbBTC,0x0ba69825c4c033e72309f6ac0bde0023b15cc97c,277288.41,2004342.33,176.4779,722.8367,0.063644,0.008805
2026-06-09,WETH/EURC,0xb20f018dde5a6fe7f93c31da05a5da9efbc52772,113713.15,385608.64,182.7708,339.1065,0.16073,0.047398
2026-06-09,WETH/USDC,0x82dbe18346a8656dbb5e76f74bf3ae279cc16b29,516064.09,4327895.62,404.7731,838.6353,0.078435,0.009353
2026-06-09,WETH/cbBTC,0x3f9b863ef4b295d6ba370215bcca3785fcc44f44,1317067.1,1402026.53,140.6509,106.4507,0.010679,0.010032
2026-06-09,WETH/cbXRP,0xee58348059c9ad6ac345be79c399da0c200627ed,65165.75,6857.88,7.7796,10.5238,0.011938,0.11344
2026-06-10,USDC/cbBTC,0x0ba69825c4c033e72309f6ac0bde0023b15cc97c,124948.75,601551.3,50.5507,481.4384,0.040457,0.008403
2026-06-10,WETH/EURC,0xb20f018dde5a6fe7f93c31da05a5da9efbc52772,73229.96,351779.96,165.185,480.3771,0.22557,0.046957
2026-06-10,WETH/USDC,0x82dbe18346a8656dbb5e76f74bf3ae279cc16b29,451182.07,3917040.24,379.7182,868.1728,0.084161,0.009694
2026-06-10,WETH/cbBTC,0x3f9b863ef4b295d6ba370215bcca3785fcc44f44,1315132.29,3584612.31,251.6754,272.5667,0.019137,0.007021
2026-06-10,WETH/cbXRP,0xee58348059c9ad6ac345be79c399da0c200627ed,60693.24,7145.78,5.7975,11.7736,0.009552,0.081131
2026-06-11,USDC/cbBTC,0x0ba69825c4c033e72309f6ac0bde0023b15cc97c,303858.49,1152745.38,93.6743,379.3692,0.030828,0.008126
2026-06-11,WETH/EURC,0xb20f018dde5a6fe7f93c31da05a5da9efbc52772,165739.55,275972.82,119.6709,166.5099,0.072204,0.043363
2026-06-11,WETH/USDC,0x82dbe18346a8656dbb5e76f74bf3ae279cc16b29,407874.03,3611265.7,329.9461,885.3875,0.080894,0.009137
2026-06-11,WETH/cbBTC,0x3f9b863ef4b295d6ba370215bcca3785fcc44f44,1359143.8,3475362.33,304.2904,255.7023,0.022388,0.008756
2026-06-11,WETH/cbXRP,0xee58348059c9ad6ac345be79c399da0c200627ed,62052.09,969.42,0.3412,1.5623,0.00055,0.035198
2026-06-12,USDC/cbBTC,0x0ba69825c4c033e72309f6ac0bde0023b15cc97c,309040.39,562539.17,49.5221,182.0277,0.016024,0.008803
2026-06-12,WETH/EURC,0xb20f018dde5a6fe7f93c31da05a5da9efbc52772,168400.13,249526.83,108.1916,148.175,0.064247,0.043359
2026-06-12,WETH/USDC,0x82dbe18346a8656dbb5e76f74bf3ae279cc16b29,408856.91,800696.61,73.5991,195.8379,0.018001,0.009192
2026-06-12,WETH/cbBTC,0x3f9b863ef4b295d6ba370215bcca3785fcc44f44,1353342.76,2485801.91,149.0632,183.6787,0.011014,0.005997
2026-06-12,WETH/cbXRP,0xee58348059c9ad6ac345be79c399da0c200627ed,62537.91,3400.54,3.5363,5.4376,0.005655,0.103993
2026-06-13,USDC/cbBTC,0x0ba69825c4c033e72309f6ac0bde0023b15cc97c,310851.13,171313.84,13.0539,55.1112,0.004199,0.00762
2026-06-13,WETH/EURC,0xb20f018dde5a6fe7f93c31da05a5da9efbc52772,174274.47,57304.91,10.5778,32.882,0.00607,0.018459
2026-06-13,WETH/USDC,0x82dbe18346a8656dbb5e76f74bf3ae279cc16b29,417323.33,178105.32,14.498,42.678,0.003474,0.00814
2026-06-13,WETH/cbBTC,0x3f9b863ef4b295d6ba370215bcca3785fcc44f44,1356939.71,1063000.29,65.3135,78.3381,0.004813,0.006144
2026-06-13,WETH/cbXRP,0xee58348059c9ad6ac345be79c399da0c200627ed,63249.55,3219.07,2.3879,5.0895,0.003775,0.074178
2026-06-14,USDC/cbBTC,0x0ba69825c4c033e72309f6ac0bde0023b15cc97c,336266.65,155904.7,12.3269,46.3634,0.003666,0.007907
2026-06-14,WETH/EURC,0xb20f018dde5a6fe7f93c31da05a5da9efbc52772,174814.8,55074.12,10.7561,31.5043,0.006153,0.01953
2026-06-14,WETH/USDC,0x82dbe18346a8656dbb5e76f74bf3ae279cc16b29,414766.68,636960.65,57.3669,153.5708,0.013831,0.009006
2026-06-14,WETH/cbBTC,0x3f9b863ef4b295d6ba370215bcca3785fcc44f44,1342749.87,274131.82,15.3913,20.4157,0.001146,0.005615
2026-06-14,WETH/cbXRP,0xee58348059c9ad6ac345be79c399da0c200627ed,62644.49,1577.62,0.8651,2.5184,0.001381,0.054838
2026-06-15,USDC/cbBTC,0x0ba69825c4c033e72309f6ac0bde0023b15cc97c,326673.9,374779.23,30.7629,114.7258,0.009417,0.008208
2026-06-15,WETH/EURC,0xb20f018dde5a6fe7f93c31da05a5da9efbc52772,179901.3,94411.91,44.1275,52.4798,0.024529,0.046739
2026-06-15,WETH/USDC,0x82dbe18346a8656dbb5e76f74bf3ae279cc16b29,448977.98,1298827.65,114.9041,289.2854,0.025592,0.008847
2026-06-15,WETH/cbBTC,0x3f9b863ef4b295d6ba370215bcca3785fcc44f44,1437374.72,1930079.7,236.6358,134.2781,0.016463,0.01226
2026-06-15,WETH/cbXRP,0xee58348059c9ad6ac345be79c399da0c200627ed,69136.42,36983.55,63.2209,53.4936,0.091444,0.170943
2026-06-16,USDC/cbBTC,0x0ba69825c4c033e72309f6ac0bde0023b15cc97c,325066.85,1110060.0,91.8257,341.4867,0.028248,0.008272
2026-06-16,WETH/EURC,0xb20f018dde5a6fe7f93c31da05a5da9efbc52772,179552.84,357442.58,164.5617,199.0738,0.091651,0.046039
2026-06-16,WETH/USDC,0x82dbe18346a8656dbb5e76f74bf3ae279cc16b29,448565.1,3762495.05,347.3652,838.7846,0.077439,0.009232
2026-06-16,WETH/cbBTC,0x3f9b863ef4b295d6ba370215bcca3785fcc44f44,1434612.4,2738669.15,380.6833,190.8996,0.026536,0.0139
2026-06-16,WETH/cbXRP,0xee58348059c9ad6ac345be79c399da0c200627ed,67487.44,15334.58,11.9777,22.7221,0.017748,0.078109
2026-06-17,USDC/cbBTC,0x0ba69825c4c033e72309f6ac0bde0023b15cc97c,326142.52,670166.64,53.0774,205.4828,0.016274,0.00792
2026-06-17,WETH/EURC,0xb20f018dde5a6fe7f93c31da05a5da9efbc52772,175630.04,289992.9,77.8106,165.1158,0.044304,0.026832
2026-06-17,WETH/USDC,0x82dbe18346a8656dbb5e76f74bf3ae279cc16b29,536893.21,2025477.85,184.6586,377.259,0.034394,0.009117
2026-06-17,WETH/cbBTC,0x3f9b863ef4b295d6ba370215bcca3785fcc44f44,1431682.56,1156201.44,213.9292,80.7582,0.014943,0.018503
2026-06-17,WETH/cbXRP,0xee58348059c9ad6ac345be79c399da0c200627ed,66666.09,4550.77,4.5875,6.8262,0.006881,0.100808
2026-06-18,USDC/cbBTC,0x0ba69825c4c033e72309f6ac0bde0023b15cc97c,316784.74,474107.38,35.0612,149.6623,0.011068,0.007395
2026-06-18,WETH/EURC,0xb20f018dde5a6fe7f93c31da05a5da9efbc52772,74936.59,151159.63,66.6444,201.7167,0.088934,0.044089
2026-06-18,WETH/USDC,0x82dbe18346a8656dbb5e76f74bf3ae279cc16b29,497645.42,3051036.37,288.7288,613.0944,0.058019,0.009463
2026-06-18,WETH/cbBTC,0x3f9b863ef4b295d6ba370215bcca3785fcc44f44,1354977.7,3092706.15,299.2034,228.2478,0.022082,0.009674
2026-06-18,WETH/cbXRP,0xee58348059c9ad6ac345be79c399da0c200627ed,63460.75,14339.99,13.4837,22.5966,0.021247,0.094029
2026-06-19,USDC/cbBTC,0x0ba69825c4c033e72309f6ac0bde0023b15cc97c,369120.32,344865.8,28.307,93.4291,0.007669,0.008208
2026-06-19,WETH/EURC,0xb20f018dde5a6fe7f93c31da05a5da9efbc52772,75619.48,10438.9,4.8879,13.8045,0.006464,0.046824
2026-06-19,WETH/USDC,0x82dbe18346a8656dbb5e76f74bf3ae279cc16b29,499183.63,1288495.94,121.0016,258.1206,0.02424,0.009391
2026-06-19,WETH/cbBTC,0x3f9b863ef4b295d6ba370215bcca3785fcc44f44,1366803.43,967425.26,80.7708,70.7801,0.005909,0.008349
2026-06-19,WETH/cbXRP,0xee58348059c9ad6ac345be79c399da0c200627ed,63442.92,7193.04,5.4164,11.3378,0.008537,0.0753
2026-06-20,USDC/cbBTC,0x0ba69825c4c033e72309f6ac0bde0023b15cc97c,348429.52,435678.97,33.6977,125.0408,0.009671,0.007735
2026-06-20,WETH/EURC,0xb20f018dde5a6fe7f93c31da05a5da9efbc52772,76348.98,93343.88,28.3247,122.2595,0.037099,0.030344
2026-06-20,WETH/USDC,0x82dbe18346a8656dbb5e76f74bf3ae279cc16b29,502687.84,1743569.26,159.762,346.8493,0.031782,0.009163
2026-06-20,WETH/cbBTC,0x3f9b863ef4b295d6ba370215bcca3785fcc44f44,1394877.96,919069.35,53.0153,65.8889,0.003801,0.005768
2026-06-20,WETH/cbXRP,0xee58348059c9ad6ac345be79c399da0c200627ed,64440.48,2659.92,2.4392,4.1277,0.003785,0.091703
2026-06-21,USDC/cbBTC,0x0ba69825c4c033e72309f6ac0bde0023b15cc97c,346981.44,259583.21,19.9969,74.8118,0.005763,0.007703
2026-06-21,WETH/EURC,0xb20f018dde5a6fe7f93c31da05a5da9efbc52772,76182.45,62113.76,20.2886,81.5329,0.026632,0.032664
2026-06-21,WETH/USDC,0x82dbe18346a8656dbb5e76f74bf3ae279cc16b29,499270.05,1139689.18,105.9944,228.2711,0.02123,0.0093
2026-06-21,WETH/cbBTC,0x3f9b863ef4b295d6ba370215bcca3785fcc44f44,1390540.7,543449.47,31.8676,39.0819,0.002292,0.005864
2026-06-21,WETH/cbXRP,0xee58348059c9ad6ac345be79c399da0c200627ed,64180.28,242.18,0.3391,0.3773,0.000528,0.139998
2026-06-22,USDC/cbBTC,0x0ba69825c4c033e72309f6ac0bde0023b15cc97c,346848.76,1006784.11,82.6629,290.266,0.023833,0.008211
2026-06-22,WETH/EURC,0xb20f018dde5a6fe7f93c31da05a5da9efbc52772,78072.18,227130.78,67.3051,290.9241,0.086209,0.029633
2026-06-22,WETH/USDC,0x82dbe18346a8656dbb5e76f74bf3ae279cc16b29,507017.17,2898371.9,269.123,571.6516,0.05308,0.009285
2026-06-22,WETH/cbBTC,0x3f9b863ef4b295d6ba370215bcca3785fcc44f44,1400878.17,1603591.07,153.211,114.4704,0.010937,0.009554
2026-06-22,WETH/cbXRP,0xee58348059c9ad6ac345be79c399da0c200627ed,65020.21,1609.15,2.4589,2.4748,0.003782,0.152806
2026-06-23,USDC/cbBTC,0x0ba69825c4c033e72309f6ac0bde0023b15cc97c,359280.05,513253.41,40.7615,142.8561,0.011345,0.007942
2026-06-23,WETH/EURC,0xb20f018dde5a6fe7f93c31da05a5da9efbc52772,76323.11,96749.96,46.4006,126.7636,0.060795,0.047959
2026-06-23,WETH/USDC,0x82dbe18346a8656dbb5e76f74bf3ae279cc16b29,490773.09,1942925.44,180.6708,395.8908,0.036814,0.009299
2026-06-23,WETH/cbBTC,0x3f9b863ef4b295d6ba370215bcca3785fcc44f44,1322477.11,1868435.98,298.4948,141.283,0.022571,0.015976
2026-06-23,WETH/cbXRP,0xee58348059c9ad6ac345be79c399da0c200627ed,45936.21,8842.5,11.562,19.2495,0.02517,0.130755
2026-06-24,USDC/cbBTC,0x0ba69825c4c033e72309f6ac0bde0023b15cc97c,424983.2,575151.29,44.9228,135.3351,0.01057,0.007811
2026-06-24,WETH/EURC,0xb20f018dde5a6fe7f93c31da05a5da9efbc52772,87575.01,122348.53,58.0365,139.7071,0.066271,0.047435
2026-06-24,WETH/USDC,0x82dbe18346a8656dbb5e76f74bf3ae279cc16b29,499359.25,2246425.27,209.8467,449.8616,0.042023,0.009341
2026-06-24,WETH/cbBTC,0x3f9b863ef4b295d6ba370215bcca3785fcc44f44,1292956.11,1720882.94,286.1719,133.0968,0.022133,0.016629
2026-06-24,WETH/cbXRP,0xee58348059c9ad6ac345be79c399da0c200627ed,44717.27,1256.74,1.5356,2.8104,0.003434,0.122191
2026-06-25,USDC/cbBTC,0x0ba69825c4c033e72309f6ac0bde0023b15cc97c,260891.41,1118966.45,92.5169,428.9012,0.035462,0.008268
2026-06-25,WETH/EURC,0xb20f018dde5a6fe7f93c31da05a5da9efbc52772,84978.2,189706.88,88.1185,223.2418,0.103695,0.04645
2026-06-25,WETH/USDC,0x82dbe18346a8656dbb5e76f74bf3ae279cc16b29,474366.5,2460413.39,219.9558,518.6735,0.046368,0.00894
2026-06-25,WETH/cbBTC,0x3f9b863ef4b295d6ba370215bcca3785fcc44f44,1254774.91,3191410.44,489.9751,254.3413,0.039049,0.015353
2026-06-25,WETH/cbXRP,0xee58348059c9ad6ac345be79c399da0c200627ed,43936.2,62215.13,197.8187,141.6033,0.450241,0.317959
2026-06-26,USDC/cbBTC,0x0ba69825c4c033e72309f6ac0bde0023b15cc97c,254085.33,1074970.44,94.1877,423.0746,0.037069,0.008762
2026-06-26,WETH/EURC,0xb20f018dde5a6fe7f93c31da05a5da9efbc52772,85473.12,317994.33,147.8764,372.0402,0.173009,0.046503
2026-06-26,WETH/USDC,0x82dbe18346a8656dbb5e76f74bf3ae279cc16b29,476745.11,4580693.18,438.0322,960.8265,0.09188,0.009563
2026-06-26,WETH/cbBTC,0x3f9b863ef4b295d6ba370215bcca3785fcc44f44,1244838.38,777600.25,150.2997,62.466,0.012074,0.019329
2026-06-26,WETH/cbXRP,0xee58348059c9ad6ac345be79c399da0c200627ed,44374.26,5748.08,8.4285,12.9536,0.018994,0.146631
2026-06-27,USDC/cbBTC,0x0ba69825c4c033e72309f6ac0bde0023b15cc97c,290938.16,256150.54,21.3365,88.043,0.007334,0.00833
2026-06-27,WETH/EURC,0xb20f018dde5a6fe7f93c31da05a5da9efbc52772,85783.1,59287.52,24.5202,69.1133,0.028584,0.041358
2026-06-27,WETH/USDC,0x82dbe18346a8656dbb5e76f74bf3ae279cc16b29,481821.68,420761.42,37.1136,87.3272,0.007703,0.008821
2026-06-27,WETH/cbBTC,0x3f9b863ef4b295d6ba370215bcca3785fcc44f44,1289658.85,428526.12,48.7584,33.2279,0.003781,0.011378
2026-06-27,WETH/cbXRP,0xee58348059c9ad6ac345be79c399da0c200627ed,44779.55,3154.52,3.1941,7.0445,0.007133,0.101256
